row_id,title,text,true_label,pred_bilstm,prob_bilstm,pred_gru5000,prob_gru5000,pred_gru,prob_gru,pred_lstm,prob_lstm,pred_nb,prob_nb,pred_rnn,prob_rnn,wrong_pred_bilstm,wrong_pred_gru5000,wrong_pred_gru,wrong_pred_lstm,wrong_pred_nb,wrong_pred_rnn,num_models_wrong,type_pred_bilstm,type_pred_gru5000,type_pred_gru,type_pred_lstm,type_pred_nb,type_pred_rnn,article_len,title_len,political
1862,Rex Tillerson on Being Secretary of State: ’I Didn’t Want This Job’,"Secretary of State Rex Tillerson said in an interview published Tuesday that he did not want or seek the position and only took it because his wife convinced him to do it. [“I didn’t want this job. I didn’t seek this job,” Tillerson told IJR in an interview with the sole reporter allowed to accompany him on his recent Asia trip. “My wife told me I’m supposed to do this. ”  Tillerson said he never met with President Trump before the election, but Trump asked to meet with him at Trump Tower after winning the presidential election to talk “about the world” and Tillerson’s experience as CEO of ExxonMobil. “When he asked me at the end of that conversation to be secretary of state, I was stunned,” Tillerson shared. When Tillerson told his wife about the offer, he said she responded, “I told you God’s not through with you. ” “I was supposed to retire in March, this month. I was going to go to the ranch to be with my grandkids,” Tillerson added. Tillerson stated that he serves in the role “at the pleasure of the president. ” “My wife convinced me,” he said. “She was right. I’m supposed to do this. ” Tillerson was confirmed as secretary of state in February in a   Senate vote. Reuters reported that Tillerson is skipping a NATO meeting next month to stay in the U. S. for Chinese President Xi Jinping’s meeting with the president at Trump’s    resort in Florida.",real,fake,0.99992657,real,2.3309517e-06,real,0.0017341783,real,0.00010225635,fake,0.9862602308755052,fake,0.55440915,1,0,0,0,1,1,3,real→fake,correct,correct,correct,real→fake,real→fake,248,12,True
4753,Secret Israeli Operation Brings Tons Of Winter Supplies To Syrian Refugees,"TEL AVIV  —   A clandestine Israeli initiative has gathered over a hundred tons of winter supplies bound for Syrian refugees who have no idea that the donations come from the   enemy state next door. [Identifying tags and Hebrew logos have been removed from 3, 000 boxes of blankets, coats, sleeping bags, gloves and boots in order “to protect the effort and the recipients,” a statement from the organizers of “Operation Human Warmth” said.  Jointly organized by Zionist youth movement HaNoar HaOved VeHaLomed, Dror Israel and the Combat Genocide Association, the supplies will be handed over to another aid organization that will distribute the items to the refugees. The sensitive nature of the mission means the exact date and method of delivery have not been revealed. Gilad Perry, Dror Israel’s international collaborations director, said he was moved by the amount of Israelis  —   Jewish, Arab and Druze  —   who came together for the operation. “I thought people would be reluctant to support an effort they would not get credit for,” Perry said. “I was amazed to see how wrong I was. The generosity of people just caring for those who suffer from the cold winter on the other side of the border, in an ‘enemy country,’ overwhelmed me. ” “The most moving part of the operation for me is to see thousands of Israelis from different religions join forces in a humanistic effort, emphasizing the similarities in the core values of all of us who simply try to make good on this planet, no matter what our backgrounds may be,” Perry added. Last month, Breitbart Jerusalem reported that Israel is set to absorb more than 100 Syrian child refugees who have been orphaned as a result of the civil war. Over 2, 500 Syrians have been treated in Israeli hospitals since 2013, even though Syria and Israel have officially been in a state of war since 1948.",real,fake,0.9999325,real,9.86013e-06,real,0.007916596,real,6.4754466e-05,fake,0.9999985313763792,fake,0.5938068,1,0,0,0,1,1,3,real→fake,correct,correct,correct,real→fake,real→fake,316,11,False
8064,"Muslim Groups ’Undermining Fight Against Terror’, Leading Prosecutor Warns","“Islamist” Muslim groups and community leaders hinder the fight against terror and are interested only in presenting Muslims “as victims” Britain’s most prominent Muslim lawyer has said. [In an interview with the Times, Nazir Afzal warned that British Muslim organisations are “undermining” attempts to counter terrorism in the UK by spreading misinformation to discredit Prevent, the government’s   programme.  Section 26 of the   and Security Act 201 compels teachers and some healthcare workers “to take due regard to preventing people being drawn into terrorism” yet Prevent has been repeatedly slammed by Labour MPs and large parts of the left  —   including major unions  —    for its “disproportionate” focus on Muslims. But Afzal, a deradicalisation expert and former chief crown prosecutor who has successfully prosecuted Islamists, credits Prevent with having “stopped at least 150 people from going to Syria”. Afzal warned that its “phenomenally good work” was being undermined by what he called an “industry” of Muslim groups, some of which have Islamist leanings, pushing “myths” about the programme. He also took aim at “ ” community leaders whose sole agenda was to present Muslims “as victims and not as those who are potentially becoming radicals,” singling out Britain’s largest Muslim umbrella group  —   the Islamist dominated Muslim Council of Britain (MCB) as an example. The 54 year old, who resigned last week as chief executive of the Association of Police and Crime Commissioners, said he was shocked that the agenda at the group’s annual general meeting last year contained “nothing about radicalisation and nothing about the threat of people going to Syria”. Among groups Afzal accused of lying about Prevent to discredit the   programme are Islamist support group Cage, which has been described as a “terrorism advocacy group” by veteran journalist Andrew Gilligan, and Prevent Watch, a “  initiative” that supports “communities impacted by Prevent”. Cage’s outreach director Moazzam Begg, a former Guantanamo Bay detainee who signed a confession admitting to having been an   recruiter, likened Islamic extremists to the Suffragettes at a 2015 event opposing the Prevent programme. “Sadly, there’s an industry which is trying to undermine Prevent. Some of them don’t like anything that’s   and some of them are Islamists” Afzal said. “Prevent is simply safeguarding. When we’re asking people to identify victims of child sexual abuse by looking for signs, it’s the same thing for radicalisation. Look for the signs. If you’re concerned, share those concerns with somebody and then if they come to fruition we can provide some support. It’s not about criminalising. ”",real,fake,0.9700169,real,0.036454253,real,0.027511071,real,0.01872883,real,0.0003593903778022,real,0.45107037,1,0,0,0,0,0,1,real→fake,correct,correct,correct,correct,correct,400,9,False
13615,America is criminalizing Black teachers: Atlanta’s cheating scandal and the racist underbelly of education reform,"I am an educator. I am a Black woman who may someday mother a Black child. I have taught other Black mothers’ children. Much of my educational success in elementary school is directly attributable to high performance on standardized tests that caused my white teachers to notice me and intervene on my behalf to get me “tracked” into higher-achieving classrooms. I believe all children deserve access to a good, high-quality, public education.

Therefore, I don’t have to condone cheating in any form (and I don’t) to assert that what has happened in Atlanta to these teachers is a travesty. The pictures that emerged last week of handcuffed Black schoolteachers being led out of Southern courtrooms in one of the country’s largest urban Black school systems were absolutely heartbreaking.

Scapegoating Black teachers for failing in a system that is designed for Black children, in particular, not to succeed is the real corruption here. Since the early 1990s, we have watched the deprofessionalization of teaching, achieved through the proliferation of “teacher fellow” programs and the massive conservative-led effort to defund public education in major urban areas throughout the country. There is no longer a consensus that a good public education — a hallmark of American democracy — should be considered a public good.

Black children have for generations been the primary victims of this continuing social mendacity about the national value of education. More than 51 percent of children who attend public schools live in poverty. In Georgia, the percentage of Black children living in poverty hovers right around 39 percent. For Latino children, the number is consistently over 40 percent. Nationally, the number for Black children is 39 percent, according to most recent data, and 33 percent for Latino youth.

Eighty percent of children in Atlanta Public Schools are Black. Eleven percent are white and 3 percent are Latino. However, only 50 percent of children in Atlanta’s Gifted and Talented programs are Black, whereas 40 percent are white. More disturbingly, 98 percent of all students expelled from Atlanta public schools during the 2009-2010 academic school year were Black.

These numbers taken together paint an abysmal picture of students who are disproportionately poor, over-disciplined, and systematically “tracked” out of high-performing classrooms. And yet we expect teachers to work magic in conditions that are set up for failure.

Lest you think this is merely an Atlanta problem, over at the Crunk Feminist Collective, Susana Morris tells a similar story of attending a predominantly Black high school in Florida with advanced classes that were overwhelmingly white.

Her story mirrors my own. In Louisiana in the 1980s and 1990s, students took two standardized tests. One (the LEAP test) measured basic proficiency and the other (the California Achievement Test) measured more advanced proficiencies. In the third grade, I scored 100 percent on the LEAP test, the only student in my overwhelmingly white class to do so. The teacher Mrs. Callender called me up to the front of the room and bragged about me to all the other students. That same year, on the CAT Test, I scored in the 89 percent percentile.

Meanwhile, I noticed one day during class that several of my white classmates, among them my best friend Amanda, were all mysteriously led out of class and then returned later, with no explanation. When I asked Amanda where she’d been, she said school officials had made her take a test, but she wasn’t clear what for. She never mentioned it again.

The next year, fourth grade, I walked into a classroom and met Beatrice Gaulden, one of only three Black academic teachers I would ever have. With her neon green and yellow Hammer-pants, her penchant for drinking eight tall glasses of water a day, and her strict instructions each morning  — we were not to approach her desk, but rather to wait until she moved to a stool in the front of the room for open discussion time — she was a wonder. Mrs. Gaulden is a character in most of my childhood stories of transformation because she was so pivotal to my own sense of self-worth as an outspoken, bossy, loquacious, bespectacled, ponytailed Black girl in a predominantly white classroom.

Because of Mrs. Gaulden’s instruction, my test scores leaped from the 89th percentile to the 99th percentile within one year of instruction. She never taught to the test. She simply taught.

That year, the Louisiana Gifted and Talented Program came calling for me, as they had called for my friends the year before. I took the battery of tests they offered, no doubt because Mrs. Gaulden had asked them to look at my case. They came back to her (she would tell me years later) and told her that I had not passed the tests. She implored them to rescore my assessment. They came back to her and reported an error in their scoring. (As if.) And so I became a “gifted and talented” student, with even smaller classes, more specialized instruction, early opportunities to take the ACT and SAT, and to travel. I soared with the additional resources provided by the G/T program.

But my educational access was due to one magical Black teacher who saw a spark in me and nurtured it. Mrs. Gaulden nurtured, taught and challenged all her students regardless of race, but she saw in me a Black girl who needed extra guidance, and a little push, and she willingly gave it. Over the past generation, we have watched the GOP, helped along by an impotent Democratic Party, systematically dismantle funding for public education, underpay teachers, and allow local school systems to institute punitive disciplinary measures that have turned our schools into a prison pipeline. At exactly the same moment, these reformers and their political counterparts George W. Bush (No Child Left Behind) and Barack Obama (Race to the Top) have instituted high-stakes testing, tied to financial incentives for teachers, as the solution to the structural risks overwhelmingly facing children of color. Meanwhile, test-cheating scandals have proliferated in locales across the country. In other urban locales like Baltimore, Houston and Philadelphia principals and teachers were fired and/or stripped of their licenses to teach. This is a punishment that fits the crime. Then there’s Michelle Rhee, the famed former chancellor of D.C. Public Schools who was accused of creating the very same culture of fear about test scores that Superintendent Beverly Hall has been accused of creating in Atlanta. Hall was charged with racketeering. So why was Rhee not subject to prosecution when test-score irregularities emerged in the District? (Bruce Dixon was already asking as much two years ago over at Black Agenda Report.) Not only has Rhee not been prosecuted, but she maintains a fairly high level of bipartisan support from conservatives and political centrists for her views on education reform. Hall’s trial was indefinitely postponed last year due to stage IV breast cancer. She died last month at 68 years old. Locking up Black women under the guise of caring about Black children is an unbelievable move in an educational environment that systematically denies both care and opportunity to Black children. Locking up Black women for racketeering when the system couldn’t be bothered to lock up even one of the bankers who gave disproportionate amounts of terrible home loans to Black women leading to a national economic crash and a disproportionate amount of home foreclosures among Black women in 2008 is patently unjust. Given that public schools are largely funded through property taxes and that Black children are overwhelming reared by Black single mothers, the failure to vigorously prosecute the financial institutions and lenders that gutted Black neighborhoods means that the system co-signed corporate acts of institutional violence against Black mothers and children, and against neighborhood schools in Black communities. But now we are expected to believe that prosecuting these teachers as racketeers is an act of justice. Nothing is just about making Black women sacrificial lambs of an educational system hellbent on throwing Black children away. The images of their handcuffed Black bodies being led in shame from the courtroom gives Black parents angry about the miseducation of their children a convenient target for their angst and outrage over a failing system. Meanwhile, the real racket – privatization and defunding of public schools, diversion of taxpayer resources away from education, and increasing political clout and payouts for school reformers proselytizing the false gospel of high stakes testing – gets obscured. And white children still get educated well, either in private schools or in suburban schools funded through a solid property tax base. Everything I am today, I owe to my mother and to a Black teacher who saw a spark in me and nurtured it. For so many exceptionally achieving Black people, a providential encounter with a Black teacher is the singular thing that made the difference. No other group of people systematically and structurally love and care about Black children more than Black mothers and Black (usually female) teachers. They have been the ones holding aloft the banner emblazoned with the revolutionary idea that Black Lives Matter, before it was ever a slogan upon which to build a movement. An attack on Black teachers is an attack on Black children, Black families, and Black communities. We should stand in solidarity with these teachers and these students and say, “Not on our watch.”",real,fake,0.9932914,fake,0.5957979,real,0.3191949,real,0.04395686,real,3.520503787547892e-13,fake,0.5637686,1,1,0,0,0,1,3,real→fake,real→fake,correct,correct,correct,real→fake,400,15,True
13879,Target Raises Free Shipping Purchase Amount for Online Shoppers as Other Retailers Lower It,"As other retailers have begun lowering the threshold for online shoppers to qualify for free shipping, retail giant Target is now raising its limit, according to reports. [Target quietly and without fanfare raised its minimum purchase requirement from $25 to $35 on May 7. The company had offered free shipping to purchases of $25 and above since 2015, according to CNBC.  “Target regularly reviews and adjusts our online shipping policies and practices to better serve guests and enhance our business,” the retailer said to a query from CNBC. Target credit and debit card holders will continue to get free shipping on any purchase, the company said. The hike in the minimum purchase comes after retailers like Amazon. com and Walmart had lowered their threshold for the perk. Amazon recently moved from $35 down to $25 while Walmart moved from $50 down to $35 in January. The unannounced change in shipping fees came only a week after news broke that company CEO Brian Cornell’s compensation was slashed by nearly   falling to $11. 3 million due to the company’s poor performance. Target has been beset by financial loss after a year of declining sales, tumbling share prices, and a major slide in its brand name. The company has seen four quarters of sales declines in a row and has a loss of over $15 billion year over year. And since April of last year, the company’s brand name has also taken a drubbing. The fall was bad enough that many investment advisers downgraded Target to a “strong sell” even as its falling price might seem to make it an attractive buy. The recommendations against Target were renewed this month when Gordon Haskett Research also advised customers to dump Target stock and replace it with Walmart stock. The investment advisor said Target is “moving too slow” to fix the problems leading to its precipitous decline. Target has seen falling fortunes since its April 2016 announcement that men pretending to be transgender women entering a Target location would be allowed to use any bathroom or changing room they felt like using at any given time. By February of this year the company lost $15 billion since its   announcement and had lost over $30 per share since its high last year. The chain also suffered a massive, organized boycott that earned over a million signatures in only a few weeks. Follow Warner Todd Huston on Twitter @warnerthuston or email the author at igcolonel@hotmail. com.",real,fake,0.9994311,real,0.013193301,real,0.060999386,fake,0.9541124,real,1.7876134259091075e-14,fake,0.59723884,1,0,0,1,0,1,3,real→fake,correct,correct,real→fake,correct,real→fake,400,14,False
14829,Florida Once Again a Focus in 2016 Campaign,"SANFORD, Fla.—The struggle for the White House and the Capitol took center stage this week in one familiar battleground—Florida—as Donald Trump and Hillary Clinton swept across the state.

Mr. Trump finished three days of campaigning here Tuesday, touching down in its biggest cities and filling the airwaves with his most expensive advertising buys. At the same time, Mrs. Clinton launched a two-day trip, seeking to capitalize on an...",real,fake,0.9656065,fake,0.99984586,real,0.065805875,real,0.0060543413,fake,0.999999995027725,fake,0.55440915,1,1,0,0,1,1,4,real→fake,real→fake,correct,correct,real→fake,real→fake,68,8,True
19093,Washington Post Blind Item: FBI Russia Probe Expands to WH Adviser ’Close to the President’,"The Washington Post has published a “blind item” White House report  —   where not only its sources but the subject of the article is anonymous. [Using “people familiar with the matter” as sources, the Post’s Devlin Barrett and Matt Zapotosky report that the investigation into the Trump campaign and its connections to Russia “has identified a current White House official as a significant person of interest, showing that the probe is reaching the highest levels of government. ”  The person is a senior White House adviser “close to the president,” but the unnamed sources would not identify that official, the Post reported. “The sources emphasized that investigators remain keenly interested in people who previously wielded influence in the Trump campaign and administration but are no longer part of it, including former national security adviser Michael Flynn and former campaign chairman Paul Manafort,” the Post reported. However, the story says, “people familiar with the investigation said the intensifying effort does not mean criminal charges are near, or that any such charges will result. ” White House Press Secretary Sean Spicer emphasized the lack of evidence of collusion in a statement responding to the Post’s story. “As the President has stated before  —   a thorough investigation will confirm that there was no collusion between the campaign and any foreign entity,” the statement said. The Post published this story as President Donald Trump is on his way to Saudi Arabia on the first leg of multiple state visits, his first trip abroad since he took office. Earlier this week, Deputy Attorney General Rod Rosenstein appointed former FBI Director Robert S. Mueller III to serve as special counsel and lead the investigation going forward.  ",real,fake,0.9821072,real,5.1909232e-05,real,0.0009153054,real,4.914048e-05,fake,0.588083863204532,real,0.49943072,1,0,0,0,1,0,2,real→fake,correct,correct,correct,real→fake,correct,280,15,True
27439,Letting Trump and the GOP self-destruct: Hillary and Democrats have the right strategy by laying low,"To be fair, Clinton has been on the ugly end of Republican attacks for decades – a little guardedness is pardonable. But a play-it-safe approach seemed unnecessarily risky against an omnipresent juggernaut like Trump. The Republican nominee’s campaign depends upon free media. In many ways, what Trump says or does with his airtime is irrelevant – the point is to be seen and heard. He can lie and distort with impunity; his supporters don’t care and he dominates headlines all the same.

With that in mind, I suggested Clinton’s plan to lay low and let surrogates do her bidding was a bad idea, and that she ought to steal the spotlight from Trump whenever and wherever she can. The same, I reasoned, was true for Democrats and down-ballot races.

Democrats still shouldn’t take anything for granted, but I no longer believe there’s any reason to compete with Trump for airtime. If we’ve learned anything in the last couple of weeks, it’s that Trump will never morph into a sane, pragmatic candidate. He was never going to conform to political norms, but one assumed he would tone it down a bit as we approached November. Instead, he’s quadruple downed on his racist comments about a Mexican-American judge and, more recently, accused President Obama of being a Muslim Manchurian candidate who may or may not be complicit in the recent terror attacks in Orlando.

Now that Trump is speaking to a general electorate, he’s paying a higher price for his racist drivel. Indeed, the latest NBC News/SurveyMonkey poll finds Hillary Clinton now leading Donald Trump nationally by eight points (49 percent to 41 percent). This gap will grow as Democrats unify and the Republican nominee continues unraveling in public. Even the political press is challenging Trump in ways that appear to have stunted his momentum.

According to a Politico report, Senate Minority Leader Harry Reid is now encouraging Democratic senate candidates to sit back and watch Trump discredit himself and everyone associated with him, including GOP candidates who’ve endorsed him. It’s a time-tested strategy: When your enemy is imploding, let him. And that’s what Democrats are doing. Calling it a “shock and blah campaign,” Politico reporter Burgess Everett writes: “The blah comes from the Democratic candidates themselves…They’re intentionally playing it safe and boring, figuring their elections will mostly be a referendum on Trump and that animosity toward the real estate magnate will put them over the top in key swing states.” To the extent that Democrats are attacking at all, they’re keeping it simple. Every interview, every question, and every speech returns to a common theme: Look who’s at the top of the Republican ticket? Is this what the GOP stands for? Is this a candidate Republicans are willing to co-sign? “If there was ever a national election,” said Dem. Senator Chuck Schumer, “This is it.” Trump’s campaign is a dumpster fire riding a wave of nativist angst. Why not make every race on the ballot a referendum on him? What works for Democratic senate candidates will also work for Hillary Clinton. There are obvious differences between senate races and a presidential contest, but the general strategy ought to work in both domains. Clinton will have to face the cameras and engage much more than down-ballot candidates. However, if this is who Trump is going to be, then merely looking and sounding like an adult will be enough for Clinton.",real,fake,0.9972824,real,0.13301955,real,0.23399115,real,0.0904787,fake,0.9999999907495888,fake,0.62935364,1,0,0,0,1,1,3,real→fake,correct,correct,correct,real→fake,real→fake,400,16,True
28400,"Snapchat Files $3 Billion IPO, But May Never Be Profitable","Started by two roommates in a Stanford dorm in 2011, Snapchat’s parent, Snap, Inc. filed with the SEC last week for a $3 billion initial public offering (IPO) but admit the company may never make a profit. [According to the United States Securities  Exchange Commission website, the   company has grown its daily user base to 158 million. The   discloses that company revenue spiked up by almost 700 percent last year to $404. 5 million, from $58. 7 million in 2015. But Snap’s net loss also jumped from $372. 9 million in 2015 to $514. 6 million in 2016.  Companies that “go public” list risk factors, but Snap’s are unusually severe. The company warns that Snap: had operating losses in the past, and expects more in the future has highly significant competition that will intensify believes losing one key staff member could harm the business projects that users and advertisers could quit the platform if security is compromised and warns that its user metrics and estimates are not reliable. Breitbart News reported that a former Snap employee, Anthony Pompliano, had filed suit against the company after being fired  —   so he alleges  —   for refusing to participate in a scheme to inflate the company’s valuation. With Pompliano alleging that Snap, Inc. might seek to violate the United States Securities Act of 1933  —   which prohibits deceit, misrepresentations, and other fraud during an IPO  —   Snap’s   states the company may never achieve profitability. Despite having all these risk factors, Snap is expected to be the hottest IPO since Alibaba (BABA) in September 2014 and Facebook (FB) in May 2012. Both   investment banks Morgan Stanley and Goldman Sachs are   underwriters, and Wall Street is whispering that the company could have a $34 billion public valuation. Originally designed in 2011 to facilitate sexting and other images that needed to disappear, Snapchat took a radical social app turn away from Facebook users updating family and friends, from Instagram recording beautiful photo content, and from Twitter as a continuous cocktail party conversations. Unlike its competitors, who want everything posted on their sites to be archived and indexed digitally, Snapchat created a platform where everything was in the moment and then gone.  Some users have compared Snapchat’s business model to television 50 years ago, when programing was in front of a live audience and content wasn’t preserved on videotape. Snapchat CEO Evan Spiegel and his Stanford buddies Bobby Murphy and Reggie Brown, innovated past just being a “sexting app” to offer goofy Lenses that let users overlay animated facial features and add laser eyes, clown face, rainbow vomiting and hundreds of other stupidly fun gags. Social justice warriors have from time to time attacked the company for allowing users access to filters that can create slanted eyes, Asian buck teeth, blackface and a number of other politically incorrect looks. The company has recently been pushing its “Stories” feature, which lets users assemble videos and photos from the past 24 hours to create adventures and scenarios. The filing of the   with the United States Securities  Exchange Commission allows Snap, Inc. to launch a due diligence tour in anticipation of an IPO that should take place within the next 45 days.  ",real,fake,0.99995816,real,0.031446617,real,0.05979877,real,0.00024759024,real,0.0193240549592346,fake,0.5966105,1,0,0,0,0,1,2,real→fake,correct,correct,correct,correct,real→fake,400,10,False
32834,Ramadan Rage: Muslim Who Ran Down Five Men with His Van Praised as ’Good Family Man’ by Judge,"A judge at Leicester Crown Court praised a van driver who deliberately mounted a pavement and ran down five men during Ramadan as “a good family man” who was behaving “completely out of character”. [According to a report in the Daily Mirror newspaper,    Lugman Aslam, of Warren View, Leicester, had gotten into a physical altercation with the men after backing his van into one of them, during which he alleged he was racially abused.  Recorder (circuit judge) Justin Wigoder described how, following this incident, a vengeful Aslam returned to his van, mounted the pavement and ploughed through the group, in order to “get [his] own back”. “I’ve seen it on CCTV and you deliberately mounted the pavement and drove straight at them and right through the middle of them at speed,” Wigoder said. “Some were thrown to the side and three were struck by your vehicle   with one going over the bonnet and hitting the windscreen. “It’s quite remarkable that nobody was seriously hurt or killed and the only injuries complained of were bruises and scratches. “One indication of the force of the collision was your windscreen was smashed  —   you claimed it had been hit by an animal when you got it repaired. “You accept your intention, driving at them, was to cause serious injury and that’s what makes this case so serious. “The motivation was driving at them to get your revenge, to get your own back from the fact they’d assaulted you. ” However, the judge then went on to say that he accepted the potentially deadly attack “was completely out of character” for the perpetrator, whom he praised as “a good family man” with glowing references. “You’re of very positive good previous character and I’ve received a considerable number of references setting out all the good that is in you,” he said. Nadeem Aullybocus, defending, explained that Aslam “was fasting [for Ramadan] on that day and had been doing so for about 20 days” when he carried out the attack. He pleaded guilty to dangerous driving and attempting to inflict intentional grievous bodily harm, and ultimately received a   sentence and a     year driving ban. With the automatic parole provisions in the Criminal Justice Act 2003, it is unlikely he will serve more than half of his prison term in custody. The relatively light sentence follows a number of deadly   attacks on pedestrians in Britain and Europe, including the Westminster Bridge attack on March 22nd and the London Bridge attack on June 3rd.",real,fake,0.9883083,real,0.26576605,real,0.004752921,real,0.10103363,fake,0.9999180543054482,real,0.36786965,1,0,0,0,1,0,2,real→fake,correct,correct,correct,real→fake,correct,400,18,False
33552,President Trump’s Father’s Day Proclamation: Dads Have Responsibility to ‘Instill in Us Core Values’,"President Donald Trump officially declared today Father’s Day and in doing so sent a message about the responsibility fathers have to instill values and set examples for their children. [Trump also said children should thank their father for the “sacrifices” he has made for them.  “Father’s Day is a special occasion that reminds us to pause and thank the men in our lives who have taken on the responsibility of raising children. As sons and daughters, we recognize the love they have given and the sacrifices they have made, and we celebrate the indispensable role fathers play in our lives and communities. “Fathers have the ability and responsibility to instill in us core values we carry into adulthood.  The examples they set and the lessons they impart about hard work, dedication to family, faith in God, and believing in ourselves establish the moral foundation for success that allows us to live up to our full potential.  We remember those fatherly moments big and small    throwing a baseball, writing an essay, driving a car, walking down the aisle    that have shaped us, and we thank our dads for being there with a helping hand and an open heart. Day in and day out, fathers put their children first, creating loving and supportive environments.  Whether by birth, adoption, or foster care, today we honor the incredible fathers in our lives for all they have done and continue to do for us.  Fathers inspire us to better ourselves and to be men and women of outstanding character.  We recommit ourselves as individuals, families, and communities to promoting and supporting fatherhood, and take this day to express our love and appreciation for fathers across our country. ” Trump and his family are spending Father’s Day at the Camp David presidential retreat in Maryland. First Lady Melania Trump tweeted on Saturday about their Father’s Day weekend. Barron, @Potus and I enjoying beautiful Camp David! #family #sport #weekend pic. twitter.   —   Melania Trump (@FLOTUS) June 18, 2017,   ",real,fake,0.96364456,real,4.3166965e-06,real,0.04299669,real,0.00021561449,fake,0.9999999999999936,fake,0.64770466,1,0,0,0,1,1,3,real→fake,correct,correct,correct,real→fake,real→fake,331,14,True
33604,Gary Johnson’s Post-Debate Reactions,"Well, we did the pre-game last night, so it's time for the Tuesday morning quarterbacking: Watch Libertarian Party presidential nominee Gary Johnson take my questions and yours on Reason's Facebook page (and right here). What do you want to know about the campaign strategy ahead?",real,fake,0.98875207,fake,0.9986817,fake,0.88824606,real,0.3353165,fake,1.0,fake,0.5938068,1,1,1,0,1,1,5,real→fake,real→fake,real→fake,correct,real→fake,real→fake,45,4,False
36572,OnPolitics | 's politics blog,"What you need to know about the election recounts

Green Party presidential candidate Jill Stein intends to seek recounts in Michigan, Pennsylvania and Wisconsin.",real,fake,0.99931014,fake,0.9999933,fake,0.73533535,real,0.24339424,fake,1.0,fake,0.5938068,1,1,1,0,1,1,5,real→fake,real→fake,real→fake,correct,real→fake,real→fake,24,5,True
38521,Victoria’s Secret Under Fire for Lack of Diversity in #WhatIsSexy Campaign,"Victoria’s Secret’s annual “What Is Sexy” social media campaign has the women’s premium lingerie company fending off accusations of racism. [This year’s list of winners include Instagram models who specialize in fashion, fitness, and beauty. Other winners include celebrities like Taylor Swift, actress Vanessa Hudgens, and This is Us star Mandy Moore.   Give your favorite style star some ❤️! Go to Twitter  VOTE her to the top of our annual #WhatIsSexy List by 11:59pm ET on  ! Link in profile. A post shared by Victoria’s Secret (@victoriassecret) on Apr 7, 2017 at 11:43am PDT,   Thank your fave fitness stars for all the inspo —  go to Twitter  VOTE them to the top of our annual #WhatIsSexy List by 11:59pm ET on  ! Link in profile. A post shared by Victoria’s Secret (@victoriassecret) on Apr 7, 2017 at 12:26pm PDT,   Give props to your   beauty expert —  go to Twitter  VOTE her to the top of our annual #WhatIsSexy List by 11:59pm ET on  ! Link in profile. A post shared by Victoria’s Secret (@victoriassecret) on Apr 7, 2017 at 10:35am PDT,  The   brand revealed its honorees, many of whom were white and skinny. And it didn’t take long for social media users to accuse Victoria’s Secret’s of failing to include women of other ethnicities in its campaign. “Young, white and thin is what’s sexy according to VS. Where’s the racial diversity? Where’s the size diversity  …    . ” one Twitter user wrote. Young, white and thin is what’s sexy according to VS. Where’s the racial diversity? Where’s the size diversity  …    . https:  .   —   Jennifer Atilémilé (@jennatilemile) April 16, 2017,  The   brand was bombarded with similar scorn online. Victoria’s Secret decides to tell you #WhatIsSexy. Note: your odds of getting on this list go up if you’re young, thin, and white. pic. twitter.   —   Mike Sington (@MikeSington) April 15, 2017,  #whatissexy? Very white, thin, mostly blonde, and between 20 and 30ish according to this v. specific @VictoriasSecret list. pic. twitter.   —   Cori M. (@corimyles) April 14, 2017,  It’s not the first time Victoria Secret has been dragged online over issues of race and diversity. Last year, the Huffington Post called the womenswear brand’s What is Sexy” list “an arbitrary roundup of the ‘sexiest’ lips, legs, hair and eyeballs among women in the fashion and entertainment industries. ” “But telling us what a ‘sexy’ pair of lips looks like? Or worse, “sexy hair,” can only serve to make women without that lipstick or without a full head of long hair feel less adequate and less worthy of being called sexy in their own right,” HuffPo’s Suzy Strutner wrote. In December, the intimate apparel retailer was accused of cultural appropriation and of designing “racist lingerie by Cosmopolitan editor Helin Jung. “[D]on’t let yourself be hoodwinked by Victoria’s Secret’s brazen attempt to relabel what is clearly cultural appropriation by turning it into a celebration of ‘culture,’” Jung wrote in a   article about the brand’s use of different cultural aesthetics during its runway shows. “The brand and its creative leads shamelessly   imagery, breaking apart aesthetic references from wherever they wanted and stitching them back together again. They’re telling us it’s worldliness. It’s not it’s a hack job. ”   Follow Jerome Hudson on Twitter @jeromeehudson",real,fake,0.9548819,real,2.9814626e-05,real,0.0010724488,real,4.4477827e-05,fake,0.999999999999934,real,0.19486555,1,0,0,0,1,0,2,real→fake,correct,correct,correct,real→fake,correct,400,11,True
38605,Run or wait? Tokyo's Koike faces dilemma ahead of Oct. 22 poll,"TOKYO - Tokyo Governor Yuriko Koike has made no secret of her desire to be Japan s first female prime minister - she even named her pet terrier  Sori , Japanese for  premier . But Koike, 65, whose fledgling Party of Hope poses a growing threat to Prime Minister Shinzo Abe s ruling bloc in an election this month, faces a tough choice: run now for a seat in parliament to become eligible for the top job, or wait and bet her party positions itself to win the next national poll. Abe called the Oct. 22 poll in hopes his Liberal Democratic Party-led bloc could keep its majority in the lower house, where it now holds a two-thirds  super majority , but Koike s party has upended forecasts.  If Koike resigns as governor little more than a year after defying Abe s LDP to run successfully for that post, she would risk a backlash from voters. Waiting might let her best shot at the premiership slip through her fingers.  If she thinks of the nation, it is important that she boldly announce her candidacy, present her ideas about important matters ... and debate policies head on,  Abe s ally, Chief Cabinet Secretary Yoshihide Suga, told reporters on Monday. Koike, a media-savvy former LDP member and defense minister, has said she would not resign as governor to run now, especially ahead of the 2020 Olympic Games, which Tokyo will host. But her carefully phrased remarks have failed to kill speculation that she will run. Candidates must register on Oct. 10, when the campaign officially starts. Koike is certain to be watching opinion polls as she weighs her decision.  A TV Asahi survey published on Monday showed 72 percent of respondents were negative about her potential candidacy. A separate NHK poll showed that support for Abe dropped seven points to 37 percent. Voters were split on Koike s new party, with about 47 percent having hopes for it, versus the same percentage with little or no expectations. Further complicating the outlook, Yukio Edano, an executive  of the failed opposition Democratic Party -  which last week decided to run no candidates of its own and have members run on the Party of Hope ticket - announced on Monday the formation of a new Constitutional Democratic Party of Japan with fellow liberals. It was not essential that Koike run this time around, her close ally, Masaru Wakasa, said on Sunday.   If there is a firm prospect of a change in government, party chief Koike might run for parliament, but if we can achieve a change in the  next, next  election, she doesn t have to run now,  Wakasa said during a debate on NHK. Koike, however, has already once blindsided Wakasa, who led   efforts to form the new party, by announcing, on the day Abe called the snap poll, that she would lead the Party of Hope herself, not entrust it to allies. On Monday, she told Jiji news agency her party aimed to run more than the 233 candidates needed to take a majority in the 465-seat lower house.  If you don t buy a lottery ticket, you can t win,  she said. But she again denied she would seek a seat in parliament now.  I was in national politics for 24 years and I have no intention to go back to a place where you can achieve nothing despite spending so much time,  she said. A former TV announcer who speaks Arabic and English and peppers her speeches with foreign words, Koike wants to build a  pro-reform, conservative  party to compete with the LDP, in part by cannibalizing the failed main opposition Democratic Party and luring smaller parties to her side. Her cool, polished demeanor belies a steeliness beneath.  She can take a punch with a smile and sharpen her knives at the same time,  said Jesper Koll, head of equity fund Wisdom Tree, who has followed Japanese politics for years. Like former prime minister Junichiro Koizumi, one of her past mentors, Koike promises to  break free of vested interests , a slogan that resonates with voters looking for an alternative to the LDP - although critics question just how different that alternative would be from Abe s LDP. To differentiate her party from the LDP, Koike has adopted popular policies, such as an end to atomic power amid public safety worries after the 2011 Fukushima nuclear crisis, and proposes to freeze a planned sales tax hike from 2019. But she also backs Abe s push to expand the role of the military overseas and his goal of revising the post-war constitution - although recently she has avoided focusing on the divisive issue of amending its pacifist Article 9. She has also said in the past that Japan should consider having nuclear weapons, breaking a taboo in the only country to suffer an atomic attack, and, like Abe, has visited the Yasukuni Shrine for war dead, seen in China and South Korea as a symbol of Japan s past militarism. Koike entered politics in a small reformist party and migrated through several other groups before joining the LDP and in 2008 became the first woman to run for head of the conservative party. She came in a distant third. ",real,fake,0.9992417,fake,0.99975795,fake,0.9962649,fake,0.97677284,real,6.614113110944017e-42,real,0.40594175,1,1,1,1,0,0,4,real→fake,real→fake,real→fake,real→fake,correct,correct,400,12,True
43486,World's newspapers react to 'Hebdo' attack,"The world watched in shock on Wednesday as French satirical publication Charlie Hebdo became the site of a grisly terror attack. Gunmen opened fire on a second-floor editorial meeting, killing 12 people in total. Among them were eight journalists and two police officers.

Journalists felt their profession under fire, and several newspapers are taking to their front pages to react. Editorial cartoons, somber black covers and powerful photos from the attack are seen on pages around the world.

The Independent covers their paper with a fictional cover of Charlie Hebdo.

Libération in Paris said ""We are all Charlie.""

The Times of London's calls it ""attack on freedom.""",real,fake,0.98090184,real,0.0055228784,real,0.07457719,real,0.013027907,fake,0.9999999982259128,fake,0.5938068,1,0,0,0,1,1,3,real→fake,correct,correct,correct,real→fake,real→fake,107,6,False
44084,"To finish MLK's work, face up to racism (Opinion)","Eric Liu is the founder of Citizen University and the author of several books, including "" A Chinaman's Chance"" and ""The Gardens of Democracy."" He was a White House speechwriter and policy adviser for President Bill Clinton. Follow him on Twitter: @ericpliu . The opinions expressed in this commentary are solely those of the author.

As we mark Martin Luther King Jr. Day this year, it's worth asking: Can America handle either one?

When Nelson Mandela became president of South Africa after the end of apartheid he had two choices. He could have gone down a path of confrontation and retribution against the white Afrikaners who had ruled so oppressively. Or he could have skipped quickly past the history and reality of apartheid and pardoned all its perpetrators in the interests of maintaining order.

He did neither.

In one of his many acts of civic genius, he chose a path for his country that exposed the ugliness of the past and only then invited forgiveness. His government launched a Truth and Reconciliation Commission, led by Archbishop Desmond Tutu.

The commission gathered public testimony across the land, naming the institutional structures and individual acts that had brutalized blacks. No perpetrator was granted amnesty without a candid accounting of his or her deeds. The opportunity for restorative justice gave every participant a sense of heightened responsibility -- a chance to be bigger citizens, together.

Only then could reconciliation begin. And though the commission was not sufficient to ""solve race"" in post-apartheid South Africa, it was still necessary. Without such an attempt at formal accounting, without such an opportunity for oppressed and oppressor to face one another, that nation's challenges would be even greater today.

For proof, consider our own nation 150 years post-slavery. For a fleeting while after the Civil War, we tried Reconstruction. Freedmen could earn wages and vote freely and claim an equal place in politics. Then we gave up on Reconstruction. And Jim Crow came along to make black citizens second-class and to ensure that neither truth-telling nor reconciliation would be on the agenda.

Consider our nation 50 years post-civil rights movement. That movement is sometimes called the Second Reconstruction. It sought to finish the fight to make truly equal citizens out of the descendants of slaves. But here we are today, still plagued post-Ferguson and post-Staten Island by divisions of color and caste -- and by an inability to talk about them without angry defensiveness.

You can hear the objections already. For instance: Won't cataloging acts of racism from the past just make it harder for us all to get along?

But of course, racism is not only in the past. It did not end with the Thirteenth Amendment of 1865 or with the Voting Rights Act of 1965. It is present in the acts and attitudes of many today. It is present in the institutional residue of past choices.

That the phrase #BlackLivesMatter must be said says it all. The criminal justice system, the education system, the economic system and (as this year's so-white Oscars remind us) the pop culture system -- all of them value black lives, black voices and black experience less than fully. We must all face that fact.

There's also this objection to a commission: that by racializing everything it would basically be racist. Consider the words of Supreme Court Chief Justice John Roberts, who, arguing against affirmative action, once wrote that ""[t]he way to stop discrimination on the basis of race is to stop discrimination on the basis of race.""

This tidy tautology flattens out history. It obliterates the difference between injury and remedy. It wants to rush us along to a ""colorblindness"" that our society hasn't yet earned and perhaps shouldn't even seek as an ideal.

As a Chinese American, I am an inheritor of what white people wrote in the Constitution and what they did to subvert it. I am the beneficiary of what black people and people of every color have done to redeem the Constitution. I am sometimes the object of a presumption that yellow people are presumed foreign until proven otherwise.

I own the good, the bad and the ugly of this country. None of this is neat. None of it is colorblind either.

Ultimately the deepest objection to a racial truth and reconciliation process in America is that it would be hard. Hard to start and to finish. We Americans can be a bit lazy when it comes to messy civic and historical truths. We want our stories -- and our Story -- to have happy endings. We want reconciliation on the cheap.

But the point of MLK Day, and of MLK's entire life, is that true redemption is never cheap or easy. So to honor him truly, let's commit to what's hard. Whether through official commissions or citizen conversations, let's face ourselves.",real,fake,0.9960445,real,0.00014156758,real,0.171705,fake,0.8060627,fake,0.9999789740019602,real,0.24831873,1,0,0,1,1,0,3,real→fake,correct,correct,real→fake,real→fake,correct,400,9,True
44226,Conservative watchdog group accuses Democrats of illegally coordinating through voter data firm,"A new conservative watchdog group filed a complaint this week with the Federal Election Commission against the private voter data firm Catalist and dozens of Democratic party and candidate committees, accusing them of operating “an illegal coordination scheme” that has allowed Democrats to instantly sync their voter information with that of independent groups.

The Washington-based Foundation for Accountability and Civic Trust  also alleged that Catalist -- whose president is Harold Ickes, a longtime Democratic strategist and ally of Bill and Hillary Clinton -- provides its data to candidates and parties below market rate, effectively making illegal in-kind contributions.

FACT’s executive director, Matthew G. Whitaker, said Catalist and its Democratic allies “have operated outside of the law” and called on the FEC to investigate.

“I expect that they will take this seriously and get some answers,” said Whitaker, a former U.S. attorney in Iowa who ran for the U.S. Senate there last year as a Republican.

Amy Weiss, a spokeswoman for Catalist, said in a statement that the complaint was “a politically-motivated filing without merit.”

It is common for parties and outside organizations to exchange voter lists. But Democratic party committees and allied interest groups do not conduct such exchanges close to an election, according to people familiar with the transactions. That’s because conveying non-public material related to a campaign’s activities through a common vendor could violate coordination rules.

In its complaint, FACT challenged that notion, citing passages in Sasha Issenberg's 2012 book ""The Victory Lab"" that described how Catalist enabled ""seamless links"" between President Obama's 2008 campaign and activist groups on the left.

The allegations against Catalist comes four months after a Democratic-allied watchdog group filed a similar complaint against a host of groups on the right, including the Republican National Committee, the super PAC American Crossroads, the private firm Data Trust and i360, a data management firm that works closely with advocacy groups backed by billionaires Charles and David Koch and other conservative donors.

American Democracy Legal Fund, a group helmed by veteran operative Brad Woodhouse, charged that the RNC and outside groups were illegally coordinating by exchanging information about individual voters in real time through Data Trust. The RNC called the complaint baseless.

Whitaker said he was not concerned that FACT’s arguments against Catalist could be used against the RNC and its allies, noting that the group was nonpartisan.

“This type of behavior shouldn’t be allowed on either side,” he said.

FACT was organized over the last several months as a response to watchdogs groups on the left such as American Democracy Legal Fund and Citizens for Ethics and Responsibility in Washington. The group is backed by $1 million in seed money from donors who support conservative legal causes, according to people familiar with its origins. Whitaker declined to identify the organization’s contributors, calling them “some freedom-loving Americans” who live outside of Washington.",real,fake,0.9906758,real,0.001104585,real,0.0013956206,real,0.0030636368,real,1.305975625855708e-10,real,0.42935732,1,0,0,0,0,0,1,real→fake,correct,correct,correct,correct,correct,400,12,True
48668,Admit it: You love Tax Day! (Opinion),"Edward J. McCaffery is Robert C. Packard trustee chair in law and a professor of law, economics and political science at the University of Southern California. He is the author of ""Fair Not Flat: How to Make the Tax System Better and Simpler."" The opinions expressed in this commentary are solely those of the author.

It turns out that the group for whom things ended well had significantly more positive recollections of the whole affair from its beginning. The psychology of it is simple to understand: Happy endings matter. Even an unpleasant experience can lead to happy memories in hindsight if it ends well.

So too with taxes.

Let's just say that when it comes to taxes for the average American, ""stuff"" happens (keeping the colonoscopy metaphor running), paycheck to tax-reduced paycheck. But recent statistics suggest that 8 out of 10 American taxpayers get a refund when they file their taxes, and the average amount is close to $3000 . That pays for a lot of stuff. To make the good news even better, tax filing has gotten rather simple for most people, with various software and service providers offering to do the dreaded paperwork for free. No filing headaches and a check to boot. What's not to like?

The fact of the matter is there is plenty not to like when it comes to the U.S. tax system. For example, the laws are biased against two-worker marriages; taxes go up when two relatively equal earners marry, as the rate brackets for couples are less than double that for single filers. Taxes are also overly complex and essentially optional for the truly rich , who make their wealth off of their existing wealth, the largely untaxed returns from capital, rather than by getting ordinary paychecks like most of us.

But now is not the time to explain such serious matters; the people are too busy spending their refunds. The once dreaded Tax Day has become a happy spending spree for most Americans. This state of short-term bliss follows from some deep trends in our tax laws. In brief, the U.S. income tax system is increasingly a wage tax, with limited taxes on capital (what the rich have) and limited deductions for most of us. For example, 3 out of 4 Americans using a standard deduction get no break for their charitable contributions. All of this has been hashed and rehashed by politicians, professors and pundits. But who has time for that? Let's go to our television sets and check out the commercials. One clever spot ran during the recent Super Bowl, suggesting that the Boston Tea Party -- a tax revolt -- could have been averted with free online filing, which the sponsor was eager to provide. Filling out 1040s was part of what made the income tax so odious for the masses for such a long time -- who doesn't remember our parents fretting over shoeboxes of receipts sometime in April, the cruelest month? Now as Tax Day approaches, we are flooded with advertisements about America getting its billions back, without even having to pay to prepare the forms. We get paid to play! Here is the happy ending that Kahneman and others have shown can mitigate the memories of unpleasantness past. The simple fact is that a simple tax is also rather simple to administer. Service providers kindly offer to help out the masses of befuddled Americans. Of course, these kind souls want their happy endings too. They are betting that once the large refunds become obvious to their customers, the grateful taxpayers-turned-consumers will happily purchase add-on services, such as ""audit protection insurance,"" or perhaps deposit the money in financial accounts managed by the provider. Just as lottery winners notoriously go on impulsive spending sprees, the ""found money"" of tax returns can finance many nice purchases. Of course, there are still those annoying matters of the deep unfairness of the tax laws, biased against modern families and wage earners, and in favor of the rich living off capital. No real bother -- stuff happens. Let others fret about fairness. As long as our taxpaying or colon procedures end with a smile -- or a check -- who has time to dwell on the bad stuff that came before?",real,fake,0.99994326,real,0.009598354,fake,0.98324835,fake,0.99929345,real,0.3988516070970744,real,0.4968517,1,0,1,1,0,0,3,real→fake,correct,real→fake,real→fake,correct,correct,400,7,False
49711,"Sorry Jeb, 'anchor babies' is a slur","Raul A. Reyes is an attorney and member of the USA Today board of contributors. Follow him on Twitter @RaulAReyes. The opinions expressed in this commentary are solely those of the author.

Open mouth, insert foot. On Thursday, Jeb Bush stepped into controversy when he used the loaded term ""anchor babies"" to refer to the U.S.-born children of undocumented immigrants. In a testy exchange with reporters in New Hampshire, Bush said that he doesn't believe the expression is offensive and blamed Democrats for perpetuating the notion that it is an insult. ""Do you have a better term?"" he asked one reporter. ""You give me a better term and I'll use it.""

Despite his family ties to the Latino community, Bush is off base. The term ""anchor baby"" is a disgusting slur. It is inaccurate as well as offensive. It is dehumanizing to Latinos, immigrants and children who are as American as you and me.

The idea of an ""anchor baby"" is centered, in part, on the assumption that having an American-born child can protect undocumented people from deportation. The child, this line of thought goes, ""anchors"" a family in the United States and allows them to gain citizenship.

In fact, having a citizen child is no protection from possible deportation. In the first six months of 2011, for example, parents with U.S.-citizen children constituted 22% of deportees. Between 2010 and 2012, the United States deported nearly 205,000 parents of citizen kids. And in 2013, more than 72,000 were deported, according to The Huffington Post. (President Barack Obama's executive action plan , which is tied up in the courts, would grant temporary deportation relief to parents of children who meet certain requirements.)

Another false notion surrounding ""anchor babies"" is that people from foreign countries are rushing here to have children. While there has been a phenomenon known as "" birth tourism "" among Asian mothers who temporarily relocate to the United States to have a child, their numbers are statistically small. The Centers for Disease Control and Prevention estimates that 7,955 children were born to foreign residents in 2012. Meanwhile research has shown that the overwhelming majority of undocumented immigrants come to the United States to work.

So while the ideas behind ""anchor babies"" are a myth, the sting of this term is real. Calling someone an ""anchor baby"" strips away their humanity and judges them based on a perception of their parents' immigration status. The American Heritage Dictionary rightfully defines ""anchor baby"" as a pejorative term. Ironically, Bush has been a member of an advocacy group that has discouraged use of the term. The Washington Post reports that the Hispanic Leadership Network, whose website still lists Bush as an advisory member, in 2013 issued a memo warning Republican lawmakers to avoid terms such as ""illegals,"" ""aliens"" -- and ""anchor babies."" If Bush wants a better term for children born here to undocumented parents, how about calling them what they are? They are U.S. citizens. According to the Pew Research Center, in 2012, there were 4.5 million U.S.-born children younger than 18 living with at least one undocumented parent. When Bush and other Republican lawmakers disparage ""anchor babies,"" they are disparaging fellow citizens, and that is unacceptable. It also goes against American values of fairness and equality. Former Florida Gov. Jeb Bush waves as he takes the stage as he formally announces he is joining the race for president with a speech June 15, 2015, at Miami Dade College in Miami. Former Florida governor Jeb Bush shakes hands with attendees after speaking at the 42nd annual Conservative Political Action Conference on February 27 in National Harbor, Maryland. Bush takes a selfie with a guest at a luncheon hosted by the Chicago Council on Global Affairs on February 18 in Chicago. Bush delivered his first major foreign policy speech at the event. Bush hands out items for Holiday Food Baskets to those in need outside the Little Havana offices of CAMACOL, the Latin American Chamber of Commerce on December 17 in Miami. Bush waves to the audience at the Tampa Bay Times Forum in Tampa, Florida, on August 30, 2012, on the final day of the Republican National Convention. Bush (left) and wife Columba Bush attend the 2012 Lincoln Center Institute Gala at Frederick P. Rose Hall, Jazz at Lincoln Center on March 7, 2012, in New York City. President Barack Obama (left) speaks about Bush (center) while visiting Miami Central Senior High School on March 4, 2011 in Miami, Florida. The visit focused on education. Bush (left) speaks with Brazilian President in charge Jose Alancar during a meeting at Planalto Palace in Brasilia, April 17, 2007. Bush was in Brazil to speak about sugar and ethanol business. Then-Texas Governor Rick Perry (center) testifies as Bush (right) and then-Arizona Governor Janet Napolitano (left) listen during a hearing before the House Committee on Homeland Security on Capitol Hill October 19, 2005. Bush gives a thumbs up signal from his car as he leaves a local polling station after casting his vote in Coral Gables, Florida, November 5, 2002. Bush walks out of the West Wing after meeting with his brother, then-President George W. Bush, at the White House January 9, 2002. Governor Bush participated in the signing ceremony of the Everglades Protection Agreement. Then-Mexican President Vincente Fox (left) and Bush hold a press conference September 7, 2001, in Miami. Fox visited Florida to attend the Americas Conference and deliver a speech to speak about issues such as immigration. Then-President George W. Bush (right) is greeted by Jeb Bush on March 21, 2001, at Orlando International Airport in Orlando, Florida. President Bush was in Orlando to attend the American College of Cardiology Annual Convention. Bush speaks during a press conference at the Carandolet Government Palace in Quito, January 18, 2006. Bush and a businessmen delegation were in a two-day visit to talk about a free trade agreement. Bush speaks to reporters after meeting with the Florida State Cabinet at the Florida State Capitol Building November 16, 2000, in Tallahassee, Florida. Then-President George W. Bush (left) and Jeb Bush (right), raise their arms onstage following a rally at the Florida State Fairgrounds, October 25, 2000, in Brandon, Florida. Jeb Bush (left) and then-President George W. Bush stand with their arms around each other's shoulders at a rally in Miami, Florida, September 22, 2000. Then-President George W. Bush (right) and Jeb Bush go through the line for strawberries during a stop at the Stawberry Festival March 12, 2000 in Plant City, Florida. The Bush family, (left to right) former U.S. President George W., former Florida Governor Jeb, former President George H.W. and his wife Barbara, watch play during the Foursomes matches September 25, 1999 at The Country Club in Brookline, Massachusetts the site of the 33rd Ryder Cup Matches. Former President George H.W. Bush (second left), his wife Barbara Bush (left), their son Jeb Bush (center), then-first lady Hillary Clinton (second right), and former then-President Bill Clinton (right) look up to see the U.S. Army Golden Knights parachute team November 6, 1997 at the conclusion of the dedication ceremony of the George Bush Library in College Station, Texas. Portrait of the Bush family in front of their Kennebunkport, Maine house August 24, 1986. Pictured, back row: Margaret holding daughter Marshall, Marvin Bush, Bill LeBlond. Pictured, front row: Neil Bush holding son Pierce, Sharon, George W. Bush holding daughter Barbara, Laura Bush holding daughter Jenna, Barbara Bush, George Bush, Sam LeBlond, Doro Bush Lebond, George P. (Jeb's son), Jeb Bush holding son Jebby, Columba Bush and Noelle Bush. What is sad here is that Bush, along with the rest of the 2016 Republican presidential candidates, is being dragged down by the ongoing dominance of Donald Trump in the polls. Consider that Bush is far more moderate than The Donald on immigration matters. Unlike Trump, Bush does not want to end birthright citizenship , which is guaranteed under the 14th Amendment to the Constitution as well as more than a century of settled Supreme Court law. In contrast to Trump's endorsement of mass deportations, Bush favors a path to legal status for the undocumented. Yet perhaps Bush felt he had to ramp up his rhetoric to be heard among all the media focus on Trump's campaign spectacle. If so, he only brought himself down to Trump's level. True, illegal immigration remains a contentious issue among the conservative base. But scapegoating American children is no substitute for thoughtful policy solutions. Bush is actually echoing Trump's ugly messaging about Latinos and immigrants by using such hurtful language. In an election cycle where Republicans will need to get a higher share of the Latino vote than in years past to win the White House, this could well be Bush's ""self-deportation"" moment -- recalling the comment by Mitt Romney during the GOP primaries that Latino voters remembered during the 2012 general election. In the midst of an ongoing debate over immigration, divisive rhetoric solves nothing. Sorry Jeb, but absolutely no good is served by using the term ""anchor babies.""",real,fake,0.9984479,real,0.0024967205,fake,0.560002,real,0.13243805,real,2.7777873503677583e-36,real,0.43974346,1,0,1,0,0,0,2,real→fake,correct,real→fake,correct,correct,correct,400,7,True
49731,Donald Trump Call For Immediate Shutdown of Clinton Foundation,"Donald Trump called this morning for the Clinton Foundation to be ""shut down immediately,"" describing it as ""the most corrupt enterprise in political history"" in a Facebook post.

""Hillary Clinton is the defender of the corrupt and rigged status quo,"" Trump wrote. ""The Clintons have spent decades as insiders lining their own pockets and taking care of donors instead of the American people.""

Over the weekend, the Clinton campaign insisted the Clinton Foundation would stop accepting donations from foreign countries. They did not explain why such a suspension did not happen when Clinton served as secretary of state.

Critics have pointed to a number of State Department-facilitated deals that involved foreign parties that had made donations to the Clinton Foundation. The 'Clinton system' involves selling access to bad guys.

""What they were doing during Crooked Hillary's time as Secretary of State was wrong then, and it is wrong now,"" Trump wrote.

Earlier this year, the FBI reportedly wanted to open an investigation of the Clinton Foundation after receiving an alert from a bank about suspicious activity by a foreign Clinton Foundation donor, but the Department of Justice (DOJ) nixed it, claiming their own investigation after the book Clinton Cash (now a documentary)was released could not substantiate those allegations the DOJ focused on.",real,fake,0.9507269,fake,0.9996476,fake,0.5071021,fake,0.9952276,fake,0.9999999999999848,fake,0.5938068,1,1,1,1,1,1,6,real→fake,real→fake,real→fake,real→fake,real→fake,real→fake,212,9,True
49929,"Republicans keep scanning the horizon for path to scrap, replace ObamaCare","At 10:16 p.m. on Aug. 15, 1977, astronomer Jerry Ehman culled through data collected by the super-powered ""Big Ear"" radio telescope in Delaware, Ohio.

And there it was.

Staring back at Ehman was something SETI (Search for Extraterrestrial Intelligence) investigators had never found before or since. The data transcript collected by the Big Ear revealed an astonishingly strong, non-terrestrial signal which didn't even originate in our solar system. The anomaly lasted for 72 seconds. Experts believe it emanated from the constellation Sagittarius. Scientists contend the event observed by Ehman is the best candidate for a non-organic, extraterrestrial signal ever documented on Earth.

A computer chronicling the episode spat out a vertical, alphanumerical series onto a dot matrix printer: 6EQUJ5.

Ehman quickly circled the sequence and scribbled but a single word: ""Wow!""

The aberration became known as the ""Wow! Signal."" Scientists have struggled to replicate Ehman's finding or locate a similar beacon there or anywhere in the cosmos. All efforts ended in failure. Ehman's episode stands alone.

When it comes to ObamaCare, congressional Republicans find themselves in a similar bind. They're like scientists trying to locate the Wow! Signal. For six years now, congressional Republicans have made an effort to take out the health care law. Better yet, lay low the Affordable Care Act (ACA) and replace it with something else. Remember the GOP's old ""repeal and replace"" mantra from the Pledge to America, circa 2010?

But there are two problems: Republicans have yet to come anywhere close to repealing the health care law. More importantly, they have yet to craft any legislation which would replace ObamaCare.

Congressional Republicans are a lot like scientists. If they could, they'd staff the Very Large Array radio astronomy observatory in New Mexico or take shifts at the Arecibo Observatory radio telescope in Puerto Rico. Six years since a Democrat-led Congress first toiled on ObamaCare and five years since the president signed the bill into law, Republicans still scour the frequencies for the health care equivalent of the Wow! Signal. A legislative transmission from above that would fundamentally tilt the ACA.

However, even Jerry Ehman detected the ""Wow! Signal"" once. ObamaCare opponents just keep coming up empty.

Something big has to happen soon for Republicans. ObamaCare is the law of the land. And if a ""Wow!"" transmission is out there, it could come from an intergalactic source as mysterious as that perceived extraterrestrial source in Sagittarius: the U.S. Supreme Court. In just a few weeks, the high court will render its decision in King v. Burwell, a case evaluating the qualification of subsidies for the health care law. The Supreme Court could impale the ACA, ruling subsidies unconstitutional for some ObamaCare beneficiaries. Such an outcome could be catastrophic for the law. It also means that Republicans -- having talked a good game for years with little to show for it -- had better turn up their dials to capture that ""Wow!"" broadcast. The onus is on them.

A working group of key House members has prepped for Supreme Court scenarios for months. House Energy and Commerce Committee Chairman Fred Upton, R-Mich., Education and the Workforce Committee Chairman John Kline, R-Minn., and Ways and Means Committee Chairman Paul Ryan, R-Wis., are the players here. They want to give states the chance to sidestep mandates which compel people to purchase insurance and void requirements that companies provide care for their employees. The trio also wants states to have the option to back away from ObamaCare.

House Budget Committee Chairman Tom Price, R-Ga., is also crafting a package of tax incentives and tax credits which consumers could use to buy health coverage.

It's anybody's guess, though, if these members will get the traction necessary to move a bill on the floor. Then-House Majority Leader Eric Cantor, R-Va., and House Republican Conference Chairwoman Cathy McMorris Rodgers, R-Wash., spearheaded a working group a few years ago to find an ObamaCare replacement plan. No accord ever materialized. The reason Republicans never put an ObamaCare replacement bill on the floor is because the GOP rank-and-file never coalesced around a plan which could pass.

Sen. Ron Johnson, R-Wis., faces a potentially tough re-election in a swing state next year. Mindful of the policy calamity which could upend Capitol Hill after the Supreme Court ruling, the Wisconsin Republican authored a bill to maintain the subsidies for health care -- but only for a few more years. In exchange, the Obama administration would have to end the individual and employer mandates for insurance.

But past is prologue here. It's anyone's guess if Johnson's idea could vault two parliamentary hurdles and secure supermajorities just to get the bill on the floor and stave off a filibuster. And no one knows what the appetite is for such legislation in the House. Republicans aren't going to get help from Democrats. It's unlikely that staunch conservatives would vote for anything short of a full, unvarnished repeal.

Hence, the continual sky sweep by the legislative stargazers, searching for the ""Wow! Signal.""

Health care is front and center Thursday in Washington. Last summer, the House of Representatives voted to sue the Obama administration over taking ""unilateral actions"" in administering the ACA. The GOP-led House charged that President Obama couldn't arbitrarily tweak and adjust deadlines and provisos in the law without the consent of Congress. Those allegations go before a federal court Thursday.

The House alleges that the administration waived the employer mandate when it shouldn't have. Ironically, most conservatives want to dump the employer mandate. But they didn't like it when the administration altered the terms of that mandate without congressional action. Moreover, the House says the law spends money which Congress never allocated toward implementing the law. The House contends that subverts the Constitution.

""Time and again, the president has chosen to rewrite the law whenever it suits him,"" said House Speaker John Boehner, R-Ohio, in a statement. ""No president is above accountability to the Constitution and the rule of law.""

The House's lawsuit certainly does a lot for the GOP base and energizes Republican members -- eager to demonstrate that Obama extends his reach beyond constitutional parameters. That may be so. This exercise extends the conversation about ObamaCare. But it doesn't cut to the root of the problem facing Republicans when it comes to unraveling the law. This is a separate track which still doesn't dial in the ""Wow! Signal.""

A definitive plan that can react to King v. Burwell (presuming the case goes the way GOPers want it to go) remains elusive. But until that happens, congressional Republicans sweep the legislative frequencies, searching for that interstellar health care solution.

If and when they finally get it, they can mimic the penmanship of Jerry Ehman and his finding on a hot summer night in 1977. ""Wow!,"" they can write, having discovered a legislative path no one detected before on health care.

Capitol Attitude is a weekly column written by members of the Fox News Capitol Hill team. Their articles take you inside the halls of Congress, and cover the spectrum of policy issues being introduced, debated and voted on there.",real,fake,0.99392223,real,0.0051236753,real,0.33019665,fake,0.90820026,real,3.529114172170654e-26,real,0.35168248,1,0,0,1,0,0,2,real→fake,correct,correct,real→fake,correct,correct,400,11,True
53716,The Daily 202: Bill Clinton’s argument with Black Lives Matter protesters is 2016’s Sister Souljah Moment,"Bill Clinton spent 13 minutes yesterday forcefully responding to Black Lives Matter activists who were heckling him. Speaking in an overwhelmingly African American neighborhood of Philadelphia, the city that will host this summer’s Democratic National Convention, the former president offered a spirited defense of his record on civil rights, his signature crime bill and his wife.

One of the protesters held a sign that declared, ""Black youth are not super predators.” That’s a reference to when Hillary Clinton spoke in 1996 of “the kinds of kids that are called ‘super-predators’” and said “we have to bring them to heel.”

Clinton pointed to the signs. “This is what’s the matter,” he said. “I don't know how you would characterize the gang leaders who got 13-year-olds hopped up on crack and sent them out onto the street to murder other African American children. Maybe you thought they were good citizens. She didn't! … You are defending the people who kill the lives you say matter! Tell the truth! You are defending the people who caused young people to go out and take guns.”

The 69-year-old went on an extended riff about why he and his wife are the ones who have really fought to make black lives matter:

""Because of that [crime] bill we had a 25-year low in crime, a 30-year low in the murder rate, and because of that and the background-check law, a 46-year low in deaths of lives by gun violence,” he said. “And who do you think those lives were that mattered? Whose lives were saved that mattered?""

Bill noted that Hillary, unlike Bernie Sanders, did not vote for the crime bill. ""She was spending her time trying to get health care for poor kids,” he said. “Who were they? And their lives matter!”

He also highlighted the Democratic front-runner's work for the Children's Defense Fund as a young attorney in Alabama and her work to stop the spread of HIV in Africa as secretary of state. ""I'll tell you another story about a place where black lives matter: Africa,"" he said.

-- In a year when the drama has mostly been on the Republican side, it made for great political theater. And it gave Bill Clinton another unforgettable “Sister Souljah Moment.” In May 1992, the hip-hop artist suggested that killing white cops might not be so bad in the wake of the Los Angeles riots. Speaking at a convention organized by Jesse Jackson’s Rainbow Coalition, the then-governor of Arkansas ripped into her. ""If you took the words ‘white’ and ‘black’ and reversed them, you might think David Duke was giving that speech,” he said. “We have an obligation, all of us, to call attention to prejudice whenever we see it.” (C-SPAN’s archive has the video.)

Calling her out became legendary and helped Clinton pivot from the Democratic nominating contest he was wrapping up, when he needed base voters, to the general election, when he needed independents. Twenty-four years later, we are at a very similar phase in the campaign cycle.

-- Yesterday’s showdown in Philadelphia quickly became a Rorschach Test. Republicans and liberal activists inclined to dislike WJC called it evidence of him being out of touch and over the hill, while Clinton loyalists said it was the Big Dog at his best. The majority of the crowd of 400 cheered Clinton as he made the protesters his foils.

-- Most mainstream media outlets are covering the comments as another off-message embarrassment for his wife’s campaign, but let’s dispense once and for all with the fiction that Bill Clinton does not know what he’s doing. He knows exactly what he’s doing.

-- A year ago, most D.C. pundits would have bet that the 2016 general election would pit Hillary versus Jeb, and that Democrats could win by making the campaign about whether voters wanted to give Bill or W. a third term. The Bushes are now long gone. Indeed, both Donald Trump and Ted Cruz criticize the former president to varying degrees. Because the Democratic primaries turned out to be more competitive than anticipated, it’s been hard for the Clintons to lean on nostalgia for the 1990s. Instead the former president and first lady have been pressed constantly from the left on everything from NAFTA to DOMA.

-- Bill’s comments about the Black Lives Matter movement suggest that a major pivot in the campaign’s messaging is on the way.

Smarting from the 2008 defections of African Americans to Barack Obama and recognizing that securing the Democratic nomination this time would depend on running up the score among minority voters, the Clintons set out in the spring of 2015 to inoculate themselves from criticism over the crime bill. “We overshot the mark,” Bill wrote in the foreword to a book on mass incarceration that came out exactly one year ago. The same month, Hillary gave a speech at Columbia University -- in the wake of the Baltimore riots – to promise that criminal justice reform to end sentencing disparities -- which were made worse by her husband’s bill – would be a top priority as president.

Last July, the former president told the NAACP convention that he deeply regretted sending minor criminals to prison “for way too long.” ""I signed a bill that made the problem worse, and I want to admit it,"" he said.

Yesterday, the former president instead blamed congressional Republicans for the parts of the law that have increased mass incarceration. He said then-Sen. Joe Biden told him it could not pass if the tough-on-crime provisions were not added in.

After Hillary was confronted this February by a protester about the “super predator” comment, she expressed regret. “Looking back, I shouldn’t have used those words, and I wouldn’t use them today,” she said in a statement.

-- Now, as the general election looms, polls show that his wife is badly underperforming with white voters in key battleground states compared to 2008. But Bill’s strategy is not without risk. Hillary needs high African American turnout to beat Bernie in New York on April 19 and in the Pennsylvania and Maryland primaries on April 26. She also needs to keep the Obama coalition activated through November.

WHILE YOU WERE SLEEPING:

-- Bernie Sanders is going to speak at the Vatican next week, John Wagner scoops. He'll leave for Rome immediately after his debate with Clinton on April 14 for a conference on social, economic and environmental issues.

-- Sanders turned his stump speech into comedy on “The Late Show with Seth Meyers”: The Vermont senator offered a comedic twist on his disdain for the billionaire class, roasting the “one percenters” alongside Meyers on a segment called “Ya Bernt.” “One percent -- what do you need all that money for?” Sanders asked. “If I didn’t know any better, I’d think you were trying to compensate for something.” As for the big banks, Sanders had this to say: “My advice is the same advice I give to a couple contemplating an open relationship. It’s time to break up.” (John Wagner)

-- Colorado Gov. John Hickenlooper -- who could be a contender in the veepstakes -- hosted Hillary for a fundraiser at his home in Denver last night. Isaac Slade, lead vocalist for The Fray, performed for the 530 attendees. A white noise machine was set up to prevent reporters standing across the street from hearing Hillary's comments in the governor's back yard, according to the local CBS affiliate.

-- Seven in 10 Americans now view Trump unfavorably, according to an AP-GfK poll. And the negativity transcends typical “voter blocs” of age, race and ideology: “It's an opinion shared by majorities of men and women; young and old; conservatives, moderates and liberals; and whites, Hispanics and blacks … a devastatingly broad indictment of [Trump]."" The numbers also suggest Trump could be losing his core base: ""In the South – a region where Trump has decisively won many primary contests – close to 70 percent of voters view him unfavorably. And among white voters without a college education, 55 percent have a negative opinion.""

-- Not ready to make nice: Ted Cruz refuses to apologize to Senate Majority Leader Mitch McConnell for publicly calling him “a liar” last year. “That ain't gonna happen,"" the Texas senator said on CNN last night. “And if the Washington lobbyists want to see that happen, they can hold their breath a long, long time."" So much for trying to win over his Senate colleagues...

-- American Idol is finally over. ""Less than two months after the curtain went down on #OscarsSoWhite — at least until 2017 — it seems that 'American Idol' may be too white as well. Or, more specifically, too deferential to 'generic' white guys, often wielding guitars. This was the consensus on social media after Trent Harmon, a self-described white 'dude from Mississippi,' defeated La’Porsha Renae, a black single mother from the same state."" (Justin Wm. Moyer)

TRUMP SHAKES UP CAMPAIGN AFTER GETTING CAUGHT FLAT-FOOTED IN DELEGATE HUNT:

-- Trump announced yesterday that he is reorganizing his campaign, giving an expanded role to veteran strategist Paul J. Manafort. From Karen Tumulty and Dan Balz: ""Manafort, who joined the Trump operation on March 29 as its convention manager, will now have broader responsibilities, and will 'oversee, manage and be responsible for all activities that pertain to Mr. Trump's delegate process and the Cleveland convention,' the campaign said in its announcement. Manafort, working from a new D.C. campaign office, will also be in charge of outreach efforts to members of Congress, the Republican National Committee and think tanks. While the campaign insisted there had been no reduction in the role of embattled campaign manager Corey Lewandowski, it was nonetheless seen that way in Republican circles. Manafort's new portfolio is the operation that could be most crucial to Trump's success in the coming months. Said one GOP strategist who has worked with Manafort, and who declined to be identified: 'I can assure you that Lewandowski should be looking for new employment at this point. He's half wiped out already.'""

“Trump is not a dumb man,” Chris Cillizza writes. “He didn’t get to where he is … by not grasping when things are slipping away from him … [T]he writing appears to be on the wall. Manafort will run things going forward.”

-- Smart frame --> “The strategist vs. the showman: Cruz and Trump run very different campaigns,” by Katie Zezima: “Cruz is the disciplined strategist who stays relentlessly on message and runs a by-the-book organization filled with aides and state chairs … Trump, by contrast, runs what amounts to a DIY presidential campaign. … While the approach has left Trump with little established infrastructure as the race turns into a brawl for delegates, it has also allowed him to be nimble … Cruz’s advance work will be on display this weekend in Colorado, one of five states that leave it up to party members to elect the state’s 37 delegates to the national convention. Organizers said much of the work has been done with little input from Cruz [headquarters in Houston]. ‘There are 50 different states with 50 different speeds,’ said Ken Buck, the senator’s Colorado state chairman.”

-- Trump and Cruz face their first test in the Virginia delegate fight tomorrow: “A few hundred Republicans are set to gather in Wytheville, a town of 8,000 in the state's southwest corner, to elect three delegates to the Republican convention,” the AP reports. “At first glance, the 9th Congressional District's local convention appears to be fertile ground for Trump … But the Cruz campaign is counting on a superior advantage with party insiders, both in Virginia and around the country, to get its preferred delegates elected. Political watchers say these types of party insiders who take the time to register for and attend regional party meetings are more likely to back Cruz. ‘The issue is who is going to these convention,’ said Terry Kilgore, a Republican state House delegate ... ‘The Cruz people understand the game a little bit better.’”

-- Trump leads Cruz by 7 points in California, according to the Field Poll. The front-runner has 39 percent, with Cruz at 32 percent and Kasich at 18 percent. Trump leads in the Bay Area and in the Southern California region outside of Los Angeles. Cruz is preferred over Trump in L.A. proper and among voters in the Central Valley and Sierra mountains, whereas supporters for Kasich are somewhat evenly dispersed across the state. The primary in June will award delegates by congressional districts. Former supporters of Arnold Schwarzenegger prefer Trump: Voters who backed his gubernatorial bid in the recall prefer Trump over Cruz by a three to one margin.

-- “Trump has more than math to worry about in Cleveland,” by Politico’s Kyle Cheney: “Every aspect of the Republican National Convention is a potential tripwire that motivated anti-Trump forces could deploy to waylay the mogul.” Five tactics Cruz could use to try denying Trump the nomination.

-- Ben Carson proved again to be a terrible Trump surrogate. When asked on CNN if Lewandowski should be running the show after being charged with battery, he responded that “a lot of people have been charged with various things … You’ve probably been charged with things.” (The interviewer replied that he has not.)

-- Jeff Sessions, Trump's only supporter in the Senate, said he does not think Trump will pick him as VP.  “I think that would not happen,"" he said. “Don’t bet any money on me.” (The Hill)

-- Rudy Giuliani told the New York Post that he will vote for Trump, hitting Cruz for his comments on ""New York values."" He quipped, “I can make fun of New York. But you can’t!""

MORE ON THE DEMOCRATIC RACE:

-- There is widespread and growing concern among Democrats that the Clinton-Sanders rivalry is doing lasting damage to the party and the eventual nominee. ""With both candidates launching 10-day sprints ahead of New York’s April 19 primary, the strain and resentment of a hard-fought and unexpectedly long contest boiled over repeatedly in interviews, speeches and other public appearances,"" John Wagner, Abby Phillip and Anne Gearan report. ""The senator from Vermont refused to retract his assertion that Clinton is not qualified to be president. Clinton dismissed that claim as 'silly' and countered that Sanders has repeatedly made promises he can’t keep. ... Sanders continued to blame Clinton for going on the attack and said he has simply been defending himself. And while he expressed regret for the tenor of the campaign over the previous 24 hours and said the acrimony will make it harder for Democrats to unite in the fall, he also said he does not regret his own statements. Clinton had raised questions in a television interview about whether Sanders was prepared to be president, but she repeatedly stopped short of saying he was unqualified.""

""President Obama, who has sought to stay out his party’s nominating contest, weighed in Thursday though a spokesman. Traveling with Obama on Air Force One, White House spokesman Eric Schultz said Obama believes that Clinton 'comes to the race with more experience than any non-vice president' in recent campaign history. Schultz emphasized that Obama feels 'fortunate' that Clinton, whom he defeated in a sometimes nasty battle for the 2008 nomination, served as his secretary of state.""

-- In an interview with The Post's John Wagner, Sanders stood by his view that Clinton is not qualified — but he also pledged to support her if she is the nominee. Three highlights:

-- Congressional Democrats expressed hope that the dust-up over whether Hillary is ""qualified"" serves as a warning for both candidates to tone things down and keep the party more cohesive than the Republicans. “It’s really important that everybody take a pause, that everybody calm down,” said North Dakota Sen. Heidi Heitkamp. “At this point in campaigns, people get tired, say things they don’t mean to, emotions get raw. I think a lot of this will dissipate with a couple good nights’ sleep.”

-- Why is Bernie throwing the kitchen sink right now? Because he must fundamentally disrupt the race to have any chance of ultimately prevailing. ""Sanders still trails Clinton by more than 200 pledged delegates. The math is close to determinative -- and not in his favor. Barring a major cataclysm in the race, Clinton will be the nominee,"" writes Chris Cillizza. This chart compares Clinton's lead over Sanders to Obama's lead over her at this point in 2008:

-- “Panama financial scandal blows up into Democratic skirmishing over trade,” by David Nakamura:

-- President Obama took pains to describe Merrick Garland as a unifying figure during a speech at The University of Chicago Law School. Juliet Eilperin and Mike DeBonis: ""In a carefully-orchestrated question and answer session with students and faculty – including several of Garland’s family members, the president said failure to confirm his court nominee would make the courts “just an extension of our … elections and our politics. And that erodes the institutional integrity of the judicial branch.”

One questioner pressed Obama about the lack of diversity on the bench and asked why he picked a white man. Obama said “that’s just not how I’ve approached it"": “At no point did I say: ‘Oh, you know what? I need a black lesbian from Skokie in that slot. Can you find me one?’” (The Skokie Review notes that this comment sent the suburb north of Chicago trending online...)

-- Minority Whip Richard Durbin said Democrats are ""actively considering"" legislative maneuvers to push a vote on Garland. ""Democrats have thus far refrained from holding up legislation or other Senate business to gain leverage on the court fight. An ultimate step would be to force a floor vote on Garland without committee action — a move that would almost certainly fail but would attract attention and put those vulnerable Republican incumbents on the spot. A Democratic leadership aide said that is being considered as a last resort, one that would not be deployed for months.""

-- Lindsey Graham said he will meet with Garland, reversing course on his earlier pledge not to. Spokesman Kevin Bishop said it was a “courtesy” meeting, and the South Carolina senator “remains opposed to moving forward with the nomination.”

-- “Why a Va. senator told a teacher: ‘You do not know better than the parents,’” by Jenna Portnoy: “Sen. Richard H. Black doesn’t think of himself as squeamish. But the Northern Virginia Republican said he was so stunned by the ‘moral sewage’ in … Toni Morrison’s ‘Beloved’ that he did something he professes to never have done [in office]. He abandoned all diplomacy and told a constituent exactly what he thought. Black called the book ‘profoundly filthy’ and ‘smut.’” The screed is part of an extraordinary email exchange between Black and Loudoun County teacher Jessica Berg, who “wrote to Black to protest his vote for a bill that would have required teachers to give parents advance notice if they planned to assign material with sexually explicit content in class [allowing parents to ‘opt out’ their children from reading the offending books]. ‘It’s ridiculous that you are trying to control education when you have no idea what it entails,’ she wrote. ‘You do not want free thinkers.’ ‘I want teachers who won’t teach such vile things,’ he responded. ‘You do not know better than the parents.’” (Read the full back and forth here.)

Mark Kirk (R-Ill.), desperately trying to hold his seat, is one of only a handful of Republicans who would show off a handwritten note from Obama:

Sen. Jeff Flake (R-Ariz.) joked about the Senate voting down a legroom amendment in the FAA reauthorization. (Like you, he gets his news from PowerPost):

Sen. Richard Burr (R-N.C.) did not look too happy wearing Villanova gear (read about his NCAA wager with Pat Toomey here):

Check out the scrum surrounding Clinton as she entered the NYC subway (here's the video, too):

Kasich ate his way through the Bronx (check out this video mashup from CNN):

Sanders ran into this character at Temple University:

Clinton allies, including the head of the lead super PAC supporting her, accused Sanders of sexism:

The Clinton campaign rapid response team noted that Sanders thought she was qualified enough to become Secretary of State:

Some in upstate New York were not so happy to have Cruz:

Two pictures of Obama back when he was a law professor:

D.C. Police Chief Cathy Lanier threw the first pitch at the Nats home opener:

Internet trolls from the fever swamps of the far right and the far left can be so disgusting and nasty, but this may take the cake:

-- Bloomberg, “McCain-Linked Nonprofit Received $1 Million From Saudi Arabia,” by Bill Allison: “A nonprofit with ties to Senator John McCain received a $1 million donation from the government of Saudi Arabia in 2014, according to documents filed with the [IRS]. [McCain] has strictly honorary roles with the McCain Institute for International Leadership, a program at Arizona State University, and its fundraising arm, the McCain Institute Foundation, according to his office. But McCain has appeared at fundraising events for the institute and his Senate campaign’s fundraiser is listed in its tax returns as the contact person for the foundation. Though federal law strictly bans foreign contributions to electoral campaigns, the restriction doesn’t apply to nonprofits engaged in policy, even those connected to a sitting lawmaker … The Saudi donation to the McCain Institute Foundation may be the first congressional instance of that trend coming to light ‘The extent of this practice is difficult to gauge, of course,’ Holman said, ‘because we only know about it when a nonprofit or foreign government voluntarily reveals that information.’” (We missed this story when it came out last week but it's caused a stir in Arizona, where McCain is up for reelection.)

On the campaign trail: Here's the rundown:

At the White House: President Obama headlines a DSCC fundraiser in Los Angeles, then travels to San Francisco for DNC and DCCC fundraisers. Vice President Biden travels from Las Vegas to Boulder, Colo., where he speaks at the University of Colorado for the ""It's on Us Week of Action"" against sexual assault and at an event for Sen. Michael Bennet (D-Colo.). In the evening, Biden departs Denver for Santa Fe, N.M.

On Capitol Hill: Neither the Senate nor the House are in session.

NEWS YOU CAN USE IF YOU LIVE IN D.C.:

-- A mild start to a chilly weekend. The Capital Weather Gang forecasts: “Arguably, today is nicer than anything we’ll see this weekend. Even with wind, it’s still fairly mild — at least comparatively. Clouds and rain showers move in tonight through at least tomorrow morning. We may even see a few snowflakes, but snow of note on Saturday is more of a long shot than sure thing. Hoping to get back outside? Sunday should be calmer and sunnier. Springtime should try to return next week. Whew. Hang on to your hats…”

-- The Golden State Warriors beat the San Antonio Spurs 112-101 to reach 70 wins.

-- The Capitals lost to the Pittsburgh Penguins 4-3.

-- D.C. police are FINALLY cracking down on illegal dirt bike riders, saying swarms of off-road bikes on the city's streets have become a “dangerous public menace.” (Peter Hermann)

-- Gov. Terry McAuliffe (D) abruptly withdrew support for his once-touted economic development strategy, after the Democratic Attorney General said the $35 million “Go Virginia” program probably violates the state constitution. McAuliffe, who gave a “full throated endorsement” of the program last summer, will try to amend the legislation, giving lawmakers the option to accept or reject his changes when they return to Richmond this month. (Jenna Portnoy)

-- Donna Edwards raised more than $1 million in the first quarter for her Senate campaign after struggling to get money last year. (Rachel Weiner)

-- Montgomery County police charged two men with kidnapping and sexually assaulting a 12-year-old girl in March. (Clarence Williams)

-- Two students, a chaperone, and a police officer were injured after a police cruiser and school bus crashed in Springfield. (Victoria St. Martin)

Watch a dramatic video of a knife-wielding man shouting “kill me!” at an Ohio police officer more than 40 times after he was shot in the abdomen. The hero cop shows incredible restraint in the face of danger:

Political hip hop duo Rebel Diaz confronted Cruz, saying he's not welcome in the neighborhood:

Clinton began running her first New York Spanish-language TV ad:

Kasich supporters targeted Cruz and his derision for ""New York values"" in this new spot:

The Washington Examiner's David Freddoso explained with post-it notes why he doesn't see Trump winning in a general election:

A woman secretly recorded what her doctors said during surgery:

A 12-year-old talked about getting thrown down by a school officer:

This stuffed animal was filmed making a trip to the Earth's stratosphere:",real,fake,0.9781822,real,0.029593673,real,0.05093517,real,0.25740558,real,1.928109209310983e-84,fake,0.5161622,1,0,0,0,0,1,2,real→fake,correct,correct,correct,correct,real→fake,400,16,True
57180,Worth a shot: Former Pennsylvania police officer's vending machines sell ammo,"You can buy snacks, condoms, fishing bait, marijuana and even gold from vending machines, so Sam Piccinini figured, “Why not bullets?”

A 25-year police department veteran who now runs his own ammunition manufacturing and wholesale business, Piccinini, of Rochester, Pa., has two of his retrofitted vending machines at his local gun club. The machines, which sell nearly every caliber of bullet from .22 to .45, are doing a brisk business and, Piccinini said, other clubs want his machines.

“I have clubs lining up at my door wanting them,” Piccinini told FoxNews.com. “I have five clubs chomping at the bit, wanting these machines.”

Piccinini, who owns Master Ammo Co., a licensed manufacturer of ammunition, said he got the idea two years ago, when bullet shortages around the nation left members of the Beaver Valley Rifle & Pistol Club unable to buy the “non-jacketed” rounds preferred at most shooting ranges.

First, Piccinini asked local attorney Eugene Martucci if such a machine would be legal. Told such a device could be operated lawfully, Piccinini bought a vending machine and had some modifications made to it, allowing it to accept larger bills and credit cards and to hoist and dispense bags of .45-caliber Automatic Colt Pistol cartridges. He figures he spent about $4,000 on the first vending machine. He now has two of them at the club and a third ready to be deployed.

Piccinini’s machines sell both handgun and rifle ammunition, which are regulated differently. In Pennsylvania, people ages 18 and over can buy long gun ammunition and people over 21 can buy bullets for handguns. Critics say selling from a machine, without an attendant to ensure the purchase is legal, poses a problem.

Piccinini likens his machines to cigarette vending machines in social clubs, noting that a prominent sticker on them states, “You must be 21 years of age to purchase ammunition for use in handguns from this machine.” Since the club does not admit minors without adult guardians, and since anyone entering must pass through a security gate and swipe an ID card to enter, Piccinini does not believe there is a risk of illicit sales.

“It's not like someone walking off the street can get in and buy ammunition,” Piccinini said.

Selling bullets out of a vending machine, as opposed to over a counter, is ""not a big deal,"" said Ladd Everitt, spokesman for the Washington-based pro-gun control group Coalition to Stop Gun Violence.

""Ammunition is widely available at ranges to begin with,and we don't take issue with that,"" Everitt said. ""If they put it in a school, call me back.""

The federal Bureau of Alcohol, Tobacco, Firearms and Explosives regulates sales of ammunition, and Piccinini has permits allowing him to manufacture, sell and even export guns and ammunition. Stephen Bartholomew, of the BATFE's Philadelphia field office, told the BeaverCountian.com he had never come across vending machines that sell ammunition.

“I don’t want to speculate as to what is or is not happening in this particular situation, but a licensee cannot sell ammunition to anyone under the age of 18 and, importantly, you cannot sell handgun ammunition to individuals under the age of 21,” he said.

The club makes no money off of sales or for renting space for the machines, which Piccinini, who sells ammunition to retailers and police departments in Pennsylvania, hopes will become a growing part of his company.

“The club doesn’t receive any profits and the machines are strictly there for the convenience of its members,” said Piccinini.

The club is not looking for publicity for the machines, according to its president, Bill Fortuna.

“This has been kept a secret, it’s nobody’s business, it’s our club, we can do as our members allow us,” Fortuna told BeaverCountian.com. “Legally, there’s nothing anybody can do about it.”

Piccinini, who is running for Beaver County sheriff, a post he has twice sought unsuccessfully, believes criticism he has received for his brainchild will ultimately backfire and win him the votes of Second Amendment advocates in the March 19 Republican primary.

""Some people have been critical, but I think even more people support me and support the right to bear arms,"" he said.",real,fake,0.999798,fake,0.9043784,real,0.49893415,fake,0.9985856,real,0.0193614111352747,fake,0.61504215,1,1,0,1,0,1,4,real→fake,real→fake,correct,real→fake,correct,real→fake,400,11,True
65040,Your election night survival guide: what to expect as polls close,"To become the 45th president of the United States, Hillary Clinton or Donald Trump has to win 270 electoral college votes. The candidates have spent what feels like 100 years locked in mortal combat, but in the next few hours there will finally be a victor. (Well, probably. If there’s a 269-vote tie, or a mandatory recount, prepare for constitutional chaos.)

Each state is assigned a certain number of electoral votes, ultimately based on its population. California has the most, with 55. Seven states – Alaska, Delaware, Montana, North Dakota, South Dakota, Vermont and Wyoming – have just three electoral votes. Washington DC gets three too.

While there are 50 states in the US, most of these are “safely” Republican or Democrat. They vote the same way every time going back at least six elections. So the presidential election boils down to just a handful of “swing states” – the 10 or 11 states that have a recent history of selecting both Republicans and Democrats.

This is why voters in places such as Ohio, Florida, Iowa, North Carolina, Virginia, Nevada, Colorado and New Hampshire are subjected to a barrage of television advertising and campaign stops. It’s also why you have not seen Clinton and Trump holding rallies in Louisiana (safely Republican) or Washington (safely Democratic).

Trump faces a much more difficult path to victory. He needs to win almost all of these swing states to become the next president, whereas if Clinton wins two or three, she wins the race.

This is because Democrats start from a stronger position. There are 18 states plus DC that have voted for a Democrat for president in every election since 1992. That batch amounts to 242 electoral votes. There are only 13 states that have voted for a Republican in every election since 1992. Those states carry just 102 electoral votes.

If Clinton simply wins all the states that have voted for her predecessors in the recent past, then adds Florida (which has 29 electoral votes), she is the next president. If she loses Florida but wins, say, Virginia and North Carolina, she will be the next president.

Trump needs to hold on to all the historically Republican states, win states such as Georgia and Arizona – which are usually Republican but where he has struggled in the polls – and then win enough swing states to tip him over 270.

Buckle in because now the real fun begins: polls close in eastern Kentucky and most of Indiana. (Parts of each state are on central time, so the polls there close at 7pm ET.)

Mike Pence, Trump’s running mate, is the governor of Indiana. In the past 50 years the state has voted Democrat only once – for Barack Obama in 2008.

In some states we will know the winner almost immediately after the polls close. Most news outlets, including the Guardian, rely on the Associated Press to “call” races.

AP is able to announce the winners so quickly because it deploys thousands of people on election night to collect results from states, counties and locales as they are announced. It also uses exit polls and voting history.

Solidly Democratic or Republican states are likely to be called quickly. Swing states are likely to take longer.

Election drinking: Donald Trump doesn’t drink. But Donald Trump doesn’t have to worry about the prospect of a Donald Trump presidency. A nice way to toast – and mock, if you were minded to do so – the 70-year-old builder might be to mix up a “The Donald” cocktail as you settle in for the night. It’s got vodka, Goldschläger gold-leaf cinnamon schnapps and orange juice. But the most fun bit is the cotton candy on top. Doesn’t it look just like his hair?

Election fuel: It could be a long night, or a short one. But at this stage we likely do not yet know, so our advice is to fuel yourself for a marathon, not a sprint. And you can feed yourself and honour Ohio’s prominent role in US elections by preparing a Cincinnati chili. It’s a more Mediterranean take on your traditional chili, brought to Cincinnati by Macedonians in the 1920s. If you’re drinking more than one of “The Donald” cocktails, you will want to line your stomach!

Election soundtrack: Rolling Stones, You Can’t Always Get What You Want. A perfect kick-off to election night, given that both candidates are incredibly unpopular with the American public. Trump likes the Rolling Stones and played this song at his rallies. The Rolling Stones do not like Donald Trump, and asked him to stop. He didn’t.

Voting ends in three key swing states: Virginia, Florida and New Hampshire (where a minimal number of polling stations may stay open until 8pm ET).



Florida’s 29 electoral college votes have proved crucial in the recent past. Al Gore can tell you that. He narrowly lost the state – some still believe he actually won – and the election to George W Bush, despite winning the national popular vote.

Away from the top of the ticket, Florida senator and one-time Republican presidential candidate Marco Rubio is up for re-election. He has been running a bit ahead of Democrat Patrick Murphy in the polls. Debbie Wasserman-Schultz, who resigned as chair of the Democratic National Committee in July after leaked emails showed the party favoring Clinton’s campaign, is expected to comfortably win re-election to Congress.

Virginia was a reliably Republican state until Obama won there in 2008 and again in 2012. The state’s mix of less-educated, rural voters; wealthy suburbanites; federal government employees and military families; academics; jet-setters and so on make it difficult to read, but Clinton has been decisively ahead this year.

New Hampshire has been won by a Democrat in five of the past six presidential elections. But the Granite State gave Trump his first big primary win, and recent polling here has shown a tight race.

Other states closing at 7pm ET include South Carolina and Vermont – Bernie Sanders’ home state. Sanders won the Democratic primary in Vermont by an amazing 73 points. But now he’s with her.

Election drinking: Supercall.com has a cocktail called “Hillary’s Dirty Little Secret”. It’s a vodka martini with hot sauce in it, a reference to an interview in April where Clinton said she always carried a bottle of hot sauce. You could quip to your friends that it’s a perfect choice, as the race is “beginning to heat up!”

Polls close in West Virginia, North Carolina and Ohio. Expect the result from West Virginia very quickly – Trump should win easily.

North Carolina and Ohio are swing states and will take longer. Ohio has been seen as a reliable bellwether state, voting for the presidential winner in every election since 1964. That run might be coming to an end, however, either because of the state’s changing demographics or because of the strangeness of the current contest, in terms of the unfavorability of both candidates.

While its demographics are complicated – a mix of Rust Belt, big cities, Appalachia, farmland and more – the Ohio electorate has grown more white and less educated than the national mean. That trend appears to account in part for Trump’s strength in the Buckeye State this year.

Election soundtrack: The Pretenders, Message of Love. Because Chrissie Hynde is was born in Akron, Ohio. You could also make a point about spreading a message of love. Or of someone pretending to spread a message of love. Not that we’re questioning, in any way at all, how much politicians love the voters.



In 2012, the Associated Press called the Indiana result just before 8pm. Vigo County, which borders Illinois in west Indiana, is seen as the ultimate bellwether. It has voted for the winner of every presidential election in 30 of the past 32 elections – dating back to 1888. Keep an eye out for its result.

Republicans have long dreamed of winning Pennsylvania’s 20 electoral college votes, based on growing support among once flourishing manufacturing and mining sectors in the south-western and north-eastern corners of the state. But Clinton has been creaming Trump in polls in Philadelphia and its suburbs, which is where most of the people live, and she has been comfortably ahead in statewide polls for months.

Pennsylvania will also be under scrutiny on election day because of Trump’s controversial claims that there has been voter fraud in Philadelphia in the past and his calls for “volunteer election monitors”.

The results in non-swing states will start to come in thick and fast. Connecticut, Delaware, Illinois, Maryland, Massachusetts, Mississippi, Missouri, New Jersey and Rhode Island all close at 8pm ET, and we can expect AP to call all these states pretty much immediately.

Maine’s polls also close at 8pm. It is one of only two states – the other is Nebraska, where voting finishes at 9pm – that splits its electoral votes according to congressional district.

The state as a whole is likely to vote Democrat, but Trump may steal an electoral vote in Maine’s second district, which is made up of more rural voters.

Election fuel: There’s a whole “Chefs for Hillary” page on Pinterest, a tribute to Clinton’s attempts to win the foodie vote. One of the recipes is provided by John Podesta, the chairman of Clinton’s campaign. It’s called Salsa di Noci and is basically nuts and pasta, but arranged into a large “H” shape.

The polls in Georgia close at 7pm or 8pm, depending on location. In the 2012 election, Mitt Romney was declared the winner just before 8.30pm. A Democratic candidate hasn’t won in Georgia since proper southern boy Bill Clinton in 1992, but strong support for Hillary Clinton in Georgia counties with a high African American population, and in Atlanta, have made her a threat to Trump.

If Clinton wins Georgia, Trump might as well concede. (Don’t hold your breath.)

Election tunes: Marvin Gaye, Inner City Blues (Make Me Wanna Holler). The African American vote is in, and Trump gets a big 1%.

Polls close in two traditional swing states: Wisconsin and Colorado, and in Arizona, which is usually firmly Republican but is swingy this year.



An increasingly influential Hispanic bloc and Mormons who can’t stand Trump – not to mention a superior Democratic ground game – mean that Clinton has a decent chance of becoming the first Democrat to win Arizona since her husband in 1996.

When the polls close in New York, at 9pm ET, they will have been open for 15 hours – the longest polling window of any state. Barring an almighty upset, Clinton will quickly be declared the winner.

Wyoming, Louisiana, North and South Dakota, Kansas and Texas all close at 9pm too. The networks should swiftly call these for Trump … unless loose talk of Clinton taking Texas, which last went Democratic in the Watergate era, comes true? If it’s that kind of night, water the horses and go to town.

Nebraska, which like Maine splits its electoral votes by congressional district, shuts its polls at 9pm ET. Barack Obama won Nebraska’s second district – Omaha – in 2008. Clinton could do the same this year, thanks to a well-financed get-out-the-vote effort spearheaded by Susan Buffett, daughter of Warren.

Election fuel: New York cheesecake. Hillary Clinton was born in Chicago but was a senator from New York for eight years. Donald Trump was born in Queens, New York, before inheriting his father’s successful real estate business. In January, Trump claimed his popularity was such that he could “stand in the middle of Fifth Avenue [in New York City] and shoot somebody” without losing voters. Trump has been trailing Clinton by 20% in New York.

Election soundtrack: Fleetwood Mac, Silver Springs. “I know I could’ve loved you, but you would not let me,” laments Arizona’s Stevie Nicks. Might Trump be thinking the same thing when the Grand Canyon State’s results come in?

Given Clinton’s apparent strength in Pennsylvania, we may see the state called for her by 10pm (or, in a deeply troubling upset for her, Trump may win). The New Hampshire result should also come in around this time. They will offer one of the first concrete indications of how the night is going.

Nevada and Iowa are the final swing states to close their polls. In the past two elections, Iowa was called quickly for Obama. Montana and Utah also close at 10pm; both are traditionally safe Republican states, but Trump’s unpopularity means independent Evan McMullin, who’s from Utah, has a strong chance of becoming the first non-Republican or Democrat to win electoral college votes since 1968.

Utah has been called soon after the polls close in the recent past. If McMullin is declared the winner, it’s a good sign that the night is truly in uncharted territory, terra incognita, in the most exciting way. Former congressional staffer Evan McMullin: buckle up, America.

More election drinking: Yuengling brewery – the oldest brewery in the US – is based in Pennsylvania. Its owner came out in support of Trump in October, a move which has seen some drinkers boycotting the beer. You could however source some craft ale from the Victory Brewing Company, also based in Pennsylvania. We might be getting an idea of who will be victorious around this time.

Election soundtrack: Neon Trees, Your Surrender. It’s almost definitely not about conceding a presidential election, but if Trump fails to win Utah, Neon Trees’ home state, then he might want to think about surrendering to Clinton.

Polls in California, Hawaii, Oregon and Washington close at 11pm ET. These are all safe Democrat states that are unlikely to unexpectedly impact the outcome.

Back in 2012, the Associated Press called the swing states of Colorado, Iowa, North Carolina and Ohio – worth a combined 48 electoral votes – in the space of 30 minutes at around 11pm, then declared Obama’s re-election at 11.38pm.

In 2008, networks announced Obama had won just after 11pm.

We might know the outcome sooner this time. Or we might not know for a while.

If Clinton’s lead in opinion polls translates to the actual polls, then we may see states called for her earlier, on the back of strong early voting results. If enough swing states are called quickly, we could find out the result before 11pm ET. Or, if Trump proves the polls wrong, the race could as quickly run to him.

Separately, there are some individual states to look out for.

Ohio is one. Some polling experts believe that if Trump doesn’t win there, it is effectively game over. Fivethirtyeight.com gave him less than a 1% chance of winning the presidency if he fails to take the Buckeye State.

Likewise, if Trump loses North Carolina or Pennsylvania or Florida, it also becomes very difficult for him to win.

And beyond that, if Clinton can win Georgia – remember, these are usually solidly Republican – it would suggest she is in for a blowout victory that could see the election called for her very early.

In 2012, Virginia was only called for Obama after midnight and Florida was not called for four days. Clinton is polling well ahead of Trump in Virginia, and strong early voting results might see her announced the winner early.

Election soundtrack: Queen Latifah, U-N-I-T-Y. We may see the first female president, following a campaign marked by sexism and inappropriate behaviour towards women. Queen Latifah called out the disrespectful treatment of women in this 1994 hit.

Election fuel: Cuban sandwich. Florida’s signature dish is said to have originated in Cuba or in Key West, part of the Florida Keys archipelago. It’s got ham, swiss cheese, mustard and pickles in it, and might be a good way to soak up the booze.

In the early hours, we would expect a victory speech and a concession speech –though Trump has spoken of a threat that the election could be rigged and refused to say that if he loses he will accept the result.

If elected, Clinton would be the first woman to be elected US president. She has repeatedly spoken about breaking the “glass ceiling” in politics, and has chosen to hold her election night party at New York City’s Javits Center, which actually has a glass ceiling.

If Trump is elected, he will be the first person with his own vodka line to be elected president, and only the fifth president to have never held elected office.

The winner will have 73 days to set up a new government before they are sworn into office on 20 January 2017.

But if you’re concerned about post-election withdrawal symptoms, don’t worry: the midterm elections, sometimes seen as a referendum on the president, will take place in November 2018. All 435 members of the House of Representatives will be up for re-election, along with a third of the Senate and more than half the governors.

And then, in summer 2019, a whole new cast of hopefuls will announce their presidential campaigns, and the whole thing starts over again. Great!

On theguardian.com, obviously. We’ve got reporters and videographers stationed around the country. We’re liveblogging all day and night.

NBC’s coverage of the 2012 election night was the the most watched of all channels, with an average of 12.1m viewers. Lester Holt, Savannah Guthrie and Chuck Todd will be co-hosting on Tuesday, and veteran Tom Brokaw will be involved as an analyst. NBC will be superimposing a map of the United States onto the Rockefeller Center ice rink.

Fox News has Megyn Kelly and Bret Baier lined up to anchor its coverage of the night. They’ll have Karl Rove and Charles Krauthammer on hand to dissect the results. Rove didn’t have such a good time of it in 2012, when he refused to accept that Ohio had voted for Barack Obama over Mitt Romney. Let’s see how he gets on this time.

ABC will have George Stephanopoulos anchoring from New York City. Robin Roberts will be tracking Clinton, Amy Robach will be with Trump. Michael Strahan will be out in Times Square interviewing the men and women on the street and getting reaction as the votes come in.

NPR will be manned by Robert Siegel, Audie Cornish, Rachel Martin, and Ari Shapiro until 2am ET. As well as Clinton v Trump, they’ll be following congressional and senate races around the country. NPR has also commissioned an artist to live-paint a mural of the electoral college map, filling in states as they are called. You’ll be able to watch that on Facebook.

The BBC will have Andrew Neil and World News America host Katty Kay stationed in Times Square. North America editor Jon Sopel will be with Clinton and World News America Laura Trevelyan will be following Trump, and Jeremy Vine will be explaining the results as they come in.

Sky News will also be based in Times Square. Jeremy Thompson will anchor Sky’s America Decides special on election night, Adam Boulton will be in Washington DC, and Kay Burley will be out and about talking to voters and campaigners. The news channel says it is sending “more people than ever” to cover the election.

Katy Perry, Roar. Played at almost every Clinton rally over the past year. Perry is a big Clinton supporter.

Lady Gaga, Hair. There aren’t very many songs devoted to hair. This is one that is. Gaga has endorsed Clinton.

OMD, If You Leave. A lament to us losing Barack Obama as president. “Seven years went under the bridge, like time was standing still.” He’s served eight years, but you get the idea.

Yoko Ono, Sisters O Sisters. A cry for gender equality and female empowerment. What better way to ring in the country’s first female president? If that happens.

Ice T feat Jello Biafra, Shut Up, Be Happy. For the dread moment when Trump looks like he might win.

America is now under martial law.

All constitutional rights have been suspended.

Do not attempt to contact loved ones, insurance agents or attorneys.

Do not attempt to think or depression may occur.

Curfew is at 7pm sharp after work.”

Simon & Garfunkel, America. For that shining-eyed moment when Clinton is heading for victory, but how you wish it was Bernie.

REM, I Believe. For that moment when the state of Georgia turns Democratic Blue.

The Delfonics, Didn’t I (Blow Your Mind This Time). Pennsylvania turns away from Clinton? How about a classic Philly soul walk-out tearjerker.

Roy Ayers, We Live In Brooklyn Baby. Clinton campaign HQ needs a home-borough anthem. “Our time is now, we gonna make it baby...”

The Donald: It comes with a thing of cotton candy on the top that looks like Trump’s hair. What more do you want? From Liquor.com:

Pour the vodka and Goldschläger into an ice-filled Collins glass, and top with the orange juice. Garnish with an orange wheel and big puff of cotton candy.

Hillary’s Dirty Little Secret: Cocktail website Supercall.com came up with this. It uses hot sauce, referencing an interview in April where Clinton said she carried hot sauce around with her.

Put the ingredients in a shaker tin with ice. Shake it up for 12 seconds. Strain it into a coupe cocktail glass and garnish with a cornichon pickle.

Potus Punch: Thank you to Omni Hotels for this one.

It’s pretty easy to make: “muddle berries”, the recipe says, then add ice, add the remaining ingredients, stir it up and pour it over ice.

There’s a whole “Chefs for Hillary page” on Pinterest. One of the dishes is by John Podesta, the chairman of Clinton’s campaign.

Salsa di Noci: Use a blender to grind up 2.5 cups of walnuts to a paste. Coat a sauté pan with olive oil and toast the nuts. When they’re golden brown, add half a stick of butter and 1 cup of chopped canned tomatoes. Add 1tsp of salt and .5tsp of pepper. Stir it up then add 1.5 cups of chicken stock. Simmer, then add 3tbsp of chopped fresh basil. Toss 1lb pasta with the sauce, and add .5 cup of parmesan cheese. To finish, arrange the pasta into a “H”. For Hillary.

You can also find six of Trump’s favorite recipes here.

What’s the mood where you are? Share your pictures and views with us.",real,fake,0.99197465,fake,0.9403469,real,0.2455784,fake,0.8847631,real,2.2694317929082786e-45,fake,0.74837625,1,1,0,1,0,1,4,real→fake,real→fake,correct,real→fake,correct,real→fake,400,11,True
66312,New Player in the ISIS War: Christian Gazillionaire Foster Friess,"He’s best known for bankrolling Republicans Rick Santorum and Scott Walker afloat, but Foster Friess has a new cause a long way from D.C.

“There is no reason why this monopoly [for equipping] should be owned by the U.S. government. I think there’s a role for private organizations to generate private support to help the Kurds,” said Audino, who as a soldier was stationed in Kurdistan for a year. “Foster and I are certainly talking about it, in concept… No one’s pulled the trigger on it.”

“When I visited Camp Black Tiger I was amazed to see how many of the fighters had come out of retirement and were in their 40s and 50s,” Friess said. “I had tears in my eyes to see the Yazidis [an ethnic minority]... as I passed out 5,000 blankets to them which our family had purchased from Turkey.  To think they had to leave their homes and everything they owned and only had the clothes on their backs was indeed sad.”

“[Friess is] shooting for practical targets. What’s the most practical target right now? The easiest target right now is, let’s help the United States directly equip the Kurds,” said Brig. Gen. Audino, who serves as an informal adviser to Friess on Kurdish issues. “He has a genuinely good heart, and he wants to stay on the right side of history… He sees the awful slaughter of innocents in Iraq and Syria right now. He doesn’t see that ending at Iraqi and Syrian borders.”

Small wonder that rumors have been spreading among anti-ISIS Westerners that Friess could soon be bankrolling their efforts. Matthew VanDyke runs a security contracting firm called Sons of Liberty International in Iraq, which provides free military training to local Christians in Kurdish and Iraqi areas. He said he had heard that Friess “pledged to help fund the Peshmerga,” and had been looking to get in touch with him ever since.

“The Kurds have been seen as protectors of the Christians, especially since the fall of Saddam in 2003, when the Christians began to be pushed out of and even murdered in Arab Iraq. By contrast the Christians have been thriving in the Kurdish region of Iraq,” said Professor Michael Gunter, who has written 11 books on the Kurdish people.

If a high-profile Christian American businessman were to privately fund weapons in the ISIS battlespace, it would be a problematic foray into an already-nasty sectarian situation. So far Friess has stayed away from that role. While the Kurds welcome any help they can get from Christian Americans, ISIS has framed its war as one of them versus the “crusaders.”

And there may be some coming legislative efforts: Sen. John Barrasso, Gabbard and others huddled with Friess in Graham’s conference room last month to work on a bill called the Kurdish Emergency Relief Act, the Washington Examiner reported, which would involve some $500 million in aid for the Kurdish people. The legislation has not yet been introduced.",real,fake,0.9647169,real,0.0038567993,real,0.11079179,real,0.008003194,real,7.786314827589793e-07,real,0.23666975,1,0,0,0,0,0,1,real→fake,correct,correct,correct,correct,correct,400,10,True
68136,Putin's proposed U.N. Ukraine peacekeepers must have full access: Merkel,"BERLIN(Reuters) - Any United Nations peacekeepers sent to eastern Ukraine must be granted access to the entirety of the region held by Moscow-backed separatists, German Chancellor Angela Merkel said. Russian President Vladimir Putin floated the idea of deploying U.N. troops to eastern Ukraine in a Monday call with Merkel, suggesting that the U.N. mission could protect observers from the international OSCE monitoring mission. With growing calls in Germany for the lifting of European Union sanctions against Russia over its activities in Ukraine, Moscow has been keen to float proposals that would help soften export bans that have hit Russians  living standards.   I find President Putin s proposal to send U.N. troops to protect OSCE observers interesting,  she told the FUNKE newspaper group on Friday.  A few days ago I discussed with him that the U.N. troops must have access to everywhere where the OSCE is stationed, so the entire Donetsk/Luhansk region.  The conflict between Ukrainian forces and Russian-backed separatists has claimed more than 10,000 lives since it erupted in 2014. Russia denies Western accusations it fomented the conflict and provided arms and fighters. The observers are there to monitor implementation of a peace deal agreed in Minsk in 2015, which has been largely unsuccessful in settling the conflict despite German and French urgings. Some German politicians have said sanctions should be lifted if the peace deal is implemented. Christian Lindner, leader of the Free Democrats, a likely coalition partner for Merkel after Sept. 24 elections, even suggested Germany must accept Russia s occupation of Ukraine s Crimean peninsula. Merkel said Putin s proposals were  tender shoots  of progress,  which give no cause for softening sanctions  so far. She rejected Lindner s proposal.  The annexation is against international law and must not be accepted,  she said. ",real,fake,0.99908197,fake,0.99997973,fake,0.9837467,fake,0.98935926,real,2.17344008877092e-21,fake,0.5938068,1,1,1,1,0,1,5,real→fake,real→fake,real→fake,real→fake,correct,real→fake,295,10,True
71042,Naked People Slaughter a Sheep at Auschwitz Death Camp,"Warsaw (AFP)  —   Fourteen men and women in their twenties on Friday slaughtered a sheep and took their clothes off at the former Nazi German death camp   according to the museum at the site in southern Poland.  #Auschwitz shuts down after nude protesters slaughter sheep, chain selves to ’Arbeit Macht Frei’ gatehttps:  .   —   Jack Mendel (@Mendelpol) March 24, 2017, ",real,fake,0.9822665,real,0.0016415148,fake,0.9162046,real,0.015063356,fake,0.9999999999999998,fake,0.55440915,1,0,1,0,1,1,4,real→fake,correct,real→fake,correct,real→fake,real→fake,60,9,False
