row_id,title,text,true_label,pred_bilstm,prob_bilstm,pred_gru5000,prob_gru5000,pred_gru,prob_gru,pred_lstm,prob_lstm,pred_nb,prob_nb,pred_rnn,prob_rnn,wrong_pred_bilstm,wrong_pred_gru5000,wrong_pred_gru,wrong_pred_lstm,wrong_pred_nb,wrong_pred_rnn,num_models_wrong,type_pred_bilstm,type_pred_gru5000,type_pred_gru,type_pred_lstm,type_pred_nb,type_pred_rnn,article_len,title_len,political
220,Trump and Roger Stone Were Just Ordered To Court For Voter Intimidation Tactics,"Comments 
Ohio has become the second state – after Nevada – to order the Trump campaign to appear in court and answer charges of voter intimidation and suppression in urban areas. 
A federal judge ordered Republican nominee Donald Trump, his longtime political advisor Roger Stone and the Ohio Republican Party into court this week to face charges of violating the Voting Rights Act and the remaining provisions of the Ku Klux Klan Act of 1871, which makes it illegal to conspire to deprive citizens of their civil rights, specifically voting rights. Cleveland.com reports : 
The order entered Tuesday by U.S. District Judge James Gwin in Cleveland says the defendants’ response must include any objections to an order “limiting voter intimidation” or “limiting people at polling locations who are not authorized poll watchers or outside the polling stations.” 
The speed in which Gwin ordered the response, while not necessarily signaling how he feels about the case, shows that the judge is taking the accusations of voter intimidation seriously before Nov. 8 Election Day. 
The candidate may use a wink and a nod, but that doesn’t allow anyone to circumvent the federal laws governing elections. The US Constitution places all federal elections under the realm of congressional control, and the Voting Rights Act makes it illegal to intimidate or pressure anyone seeking to exercise their right to vote. 
As the lawsuit indicates, even Ohio Republicans are reporting Trump supporters using illegal intimidation tactics in Cuyahoga County, the home of Cleveland’s large minority population: 
According to Pat McDonald, the Republican Director of the Cuyahoga County Board of Elections, Trump supporters have already visited the county elections board identifying themselves as poll observers, even though they did not appear to be credentialed as poll observers as required under Ohio law. Indeed, Trump’s fearmongering has caused Cuyahoga County election officials to express concerns of instability on Election Day and to raise the prospect of deploying law-enforcement officials to the polls if necessary to address polling place issues. 
Democrats filed suit late Sunday night to enjoin Republicans from efforts which have included fake poll watcher badges and verbal conduct by the Trump campaign and nominee, plus efforts by Roger Stone’s Super PAC to exit-poll minority polling places, when in fact Stone doesn’t run a polling operation and hasn’t during this year’s campaign: 
The lawsuit cites several examples of such comments by Trump made in Ohio, including a statement made at an Aug. 22 rally in Akron. “You’ve got to get everybody to go out and watch, and go out and vote,” Trump said at the rally. “And when I say ‘watch,’ you know what I’m talking about, right?” It also references an unnamed senior Trump campaign official who told Bloomberg News that “we have three major voter suppression operations under way.” 
It also takes aim at Stone and a group he controls, Stop the Steal Inc., and seeks to stop them from conducting “exit polling” in nine cities that historically vote Democrat. These include Cleveland, Philadelphia and Las Vegas. Stone said in an emailed statement that the polls his organizations will conduct will be scientific. “We seek only to determine if the election is honestly and fairly conducted and to provide an evidentiary basis for a challenge to the election if that is not the case,” he said in the statement. “I assume the purpose of this bogus lawsuit is to distract from the voter-fraud the Democrats have traditionally engaged in.” 
Stone did not provide any evidence to back up his fraud claim. 
Ohio isn’t the only battleground state in the fight against Republican dirty tricks at the polls. Lawsuits in Pennsylvania, Nevada and Arizona are also being fought over the same issues , but with each local problem, such as the 94 vigilante poll watchers Roger Stone has signed up in Arizona for his Super PAC. 
The Democratic National Committee is also suing its national counterpart, and just received extensive information about the RNC’s poll watching plans and geographic targeting which is still being held under seal by the federal court. A federal judge is hearing that case in Newark, N.J. tomorrow at 10am and a decision is expected sometime later in the day. 
Ironically, the multi-state litigation is happening because the national Republican Party successfully separated state level parties from the 1982 court monitoring agreement , so now the Democratic Party must file new lawsuits in multiple states in addition to the national case. However, two state party chairmen that are also RNC members have become embroiled in the national case, as well as some of the Ohio issues have been cited in the national case against the RNC. 
The Ohio federal court has greatly expedited this case, so expect more news before election day about rulings meant to protect the general public from vigilante “ballot security” operations.",real,real,0.009793937,real,0.046399415,real,0.044404387,fake,0.9665106,fake,0.9999999999980624,real,0.48757887,0,0,0,1,1,0,2,correct,correct,correct,real→fake,real→fake,correct,400,13,True
3352,"MAINE GOVERNOR joins Kansas, Texas, and New Jersey in withdrawing from the federal (Muslim) refugee resettlement program","MAINE GOVERNOR joins Kansas, Texas, and New Jersey in withdrawing from the federal (Muslim) refugee resettlement program Gov. Paul LePage is withdrawing the state of Maine from the federal refugee settlement program, citing a loss of confidence in its ability to safely and responsibly run the program. Maine has become one of the Obama Regime’s favorite dumping grounds for unskilled, illiterate, welfare-dependant large Somali Muslim families. Obama doesn’t need a religious test for refugees because most of them are Muslims WCSH6 (h/t kafir) In a letter Friday, Gov. LePage informed President Obama and notified the director of the Office of Refugee Resettlement (ORR) that Maine would no longer be participating in the program. “The federal government has proven to be an unwilling partner with states in ensuring that refugee settlement does not unduly put American lives at risk,” LePage wrote. Maine joins Kansas, New Jersey and Texas in severing ties with the ORR. In the letter, LePage included the case of refugee Adnan Fazeli of Freeport, who was revealed in August through an FBI investigation to have died last year while fighting for the Islamic State. “I sincerely hope that the federal government will re-evaluate its current refugee policy — both the quantity and nation of origin of refugees it resettles and the vetting process they are subjected in — in order to best protect the safety and interests of the American people,” LePage wrote. The typical size of Somali Muslim refugee families places an unfair burden on hardworking American taxpayers who must fund welfare for them According to LePage’s office, the governor has directed the state Health and Human Services Department (DHHS) to work with federal counterparts to implement a transition out of the ORR program. The ORR was created after the passing of the 1980 Refugee Act, which provided the legal basis. By withdrawing from the federal program, LePage has removed state workers from the integration assistance process but has not stopped refugees from entering or living in Maine.",real,fake,0.99886686,real,0.31081855,fake,0.96939903,fake,0.9978172,real,0.2038929331325953,real,0.35229534,1,0,1,1,0,0,3,real→fake,correct,real→fake,real→fake,correct,correct,331,17,False
14082,Only Making Matters Worse in Syria,"License DMCA 
Middle East policy has reached an inflexion point, a moment when Official Washington seems to be caught in the middle between escalation and retreat. 
On one hand, the rhetoric has not been more militant since Hillary Clinton's famous ""we came, we saw, he died"" moment in October 2011. With Barack Obama halfway out the door and Clinton all but crowned, Washington's laptop bombardiers are rejoicing that the half-measures are over and judgment day nearly at hand. 
Thus, The New York Times assures us that that the Middle East is ""desperate for American leadership"" while the Washington Post reports that ""the Republicans and Democrats who make up the foreign policy elite are laying the ground work for a more assertive American foreign policy."" 
Leading think tanks are publishing ""a flurry of reports"" urging stepped-up intervention, including U.S.-backed ""safe zones to protect moderate rebels from Syrian and Russian forces"" and even ""limited"" cruise-missile strikes. But while differing on the details, all agree something must be done. The time to act is now. 
As Vox puts it: ""The hot new policy idea in Washington is the hottest old idea: direct US military intervention in Syria's civil war."" - Advertisement - 
But reading between the lines, a very different picture emerges, a realization that the U.S. has painted itself into a corner and that there is little it can do after all. Thus, the Times observes that while the Middle East is clamoring for U.S. leadership, it is not clamoring for Bush-style intervention but for some mythical ""middle ground"" in between him and Obama. 
While reporting that pro-escalation sentiment is unanimous in Washington's vast foreign-policy establishment -- sometimes known as "" the blob "" -- the Washington Post notes that ""even pinprick cruise-missile strikes designed to hobble the Syrian air force or punish [President Bashar al-]Assad would risk a direct confrontation with Russian forces"" and wonders whether a war-weary public will support any intervention at all. 
""My concern is that we may be talking to each other and agreeing with each other,"" it quotes one expert as saying, ""but that these discussions are isolated from where the public may be right now."" 
Official Washington in a Bubble 
Thus, even the Establishment worries that it lives in a bubble. Washington wants war, it needs war, and yet it admits in practically the same breath that it can't have it. So what will it do? - Advertisement - 
Then there are the mild liberals over at Vox, the hip and successful Washington website founded by journalistic wunderkind Ezra Klein. Voxers pride themselves on being sharp and practical yet in the end they are sealed off as well. The poster boy for this tendency is Zack Beauchamp, a young writer who stars in a recent Vox video entitled, "" The crisis in Aleppo, explained in 4 minutes ."" 
As Beauchamp lectures away amid fancy graphics and cool background music, the video faithfully toes the Washington line, both the stirring gung-ho part and the downbeat refrain that inevitably follows. Thus, he describes the Syrian civil war as a ""story of flip-flops,"" with Assad seemingly on the ropes until Iran and Russia put him back on his feet, at which point the Saudis and Qataris put the rebels back on their feet so the game can continue. 
But the real turning point, he says, occurred in September 2015 when Russia stepped in with airstrikes that allowed the government to besiege the Salafists in eastern Aleppo. 
""A siege,"" Beauchamp then explains, ""involves trapping a group of people, civilians and fighters both, inside a certain territory and denying them supplies until they can no longer fight. Assad's strategy has a vicious logic to it. When you deprive people of food and you bomb them over and over again, they're likely to give in just to make the fighting stop.""",real,real,0.43716443,real,0.0022295713,real,0.019453943,fake,0.9989071,real,1.9687860402337486e-08,fake,0.6865355,0,0,0,1,0,1,2,correct,correct,correct,real→fake,correct,real→fake,400,6,True
16576,U.S. orders families of consulate workers in Istanbul to leave,"Print 
[Ed. – If you’re wondering if we’ve ever had to do this with a NATO ally before, the answer is no. This is what our vice president would call a big effing deal.] 
The State Department is ordering family members of employees posted to the U.S. Consulate General in Istanbul to leave because of security concerns. 
In a statement issued Saturday, the State Department says the decision is based on security information indicating extremist groups are continuing aggressive efforts to attack U.S. citizens in areas of Istanbul where they reside or frequent. 
The Consulate General remains open and fully staffed. The order applies only to the U.S. Consulate General in Istanbul, not to other U.S. diplomatic posts in Turkey.",real,real,0.00017887354,real,7.390976e-06,real,0.002591312,fake,0.9731906,real,7.597461557755894e-10,real,0.44559085,0,0,0,1,0,0,1,correct,correct,correct,real→fake,correct,correct,120,10,False
16618,Interview: Andy Worthington On Final Push To Close Guantanamo,"President Barack Obama has less than 70 days to achieve one of the key goals that will define his legacy: close the Guantanamo Bay military prison. 
There are 60 prisoners at Guantanamo. Twenty of them were cleared by the Obama administration and could be freed. 
Of course, the specter of a Donald Trump presidency has those who pushed for the closure of Guantanamo frightened because Trump said he would bring new prisoners to the facility. What if Obama had closed the facility years ago? Would this even be a possibility? 
Joining me on the “Unauthorized Disclosure” podcast, journalist Andy Worthington talks to me about the final push to close Guantanamo. He is the co-founder of the “ Close Guantanamo ” campaign. He also is a musician, who wrote a song for his band, Four Fathers, about closing the military prison. His work can be found here .
The interview starts at the 30:00 mark. Later in the interview, we go on a bit of a tangent and spend a few minutes addressing the rise of far-right elements in the United States and the United Kingdom, particularly because Worthington is based in the U.K. 
Below is a partial transcript of the interview: 
GOSZTOLA: What do you plan to do during final days of President Obama’s presidency to push for the closure of Guantanamo, especially now that Donald Trump is president and open to torture and possibly even bringing more prisoners to Guantanamo? 
WORTHINGTON: I’ve been working on the Guantanamo issue for over ten years, and it’s always been my intention to try and get it closed. So, back in January 2012, when it was the tenth anniversary of the opening of the prison, I setup a campaign and website called “Close Guantanamo” with the attorney Tom Wilner, who represented the Guantanamo prisoners in their Supreme Court cases in 2004 and 2008. 
What we did this year, 2016, is we setup a countdown to close Guantanamo. So we counted down the last year of the presidency, and every 50 days we have these posters that they could print off that they could stand with, they could send in to us, and we put them on to the website and on social media. We’ve had over 500 celebrities and people across the U.S. and around the world sending in photos every 50 days. 
Of course, we’re now into the very last ten weeks of Obama’s presidency so what I am trying to do is just to keep the pressure on as we’ve been doing all year just to try and keep President Obama aware that people are watching. Obviously, he doesn’t need any telling. After the election result, it’s more urgent than ever. If he really does want to close the prison, he needs to do everything that he can in his power to do it before he leaves office because, as you say, Donald Trump has said on the campaign trail that he wants to keep it open. He wants to send Americans there to be prosecuted. He wants to reintroduce torture. 
Now, we also know that Donald Trump, to be generous, is a colossal windbag, and that it’s not necessarily true that the things he says he means. But he is now the president. The Republican Party that he nominally is the president of is in control of the Senate and the House, and there are some very unpleasant characters in the Republican Party, who love Guantanamo and who would love to reinstitute torture. 
I think it’s fair enough at this point for people to be genuinely worried that any progress that has been made toward the closure of Guantanamo is going to hit a very sticky patch with the inauguration of Donald Trump. 
GOSZTOLA: I get the real sense that we shouldn’t take any chances here, that perhaps the human rights community could get to Donald Trump and convince him that Guantanamo needs to be closed. We already see figures surrounding him like Rudy Giuliani and also, a quite goonish character, Tom Cotton, who is a senator, and former veteran, who has incredible bloodlust. 
WORTHINGTON: He’s a dreadful individual. It’s so out of control that kind of massive enthusiasm for Guantanamo and the hysteria and the exaggeration about the people who were held there. Any rational analysis of Guantanamo has always has always accepted there are a handful of significant people there, but the majority of people there never were. It’s awful the things he’s been saying. 
But you know, I’m really worried about the kind of people we’re hearing that are gathering around Donald Trump. I thought we’d seen the last of Rudy Giuliani and people like that. I’m hearing people mention John Bolton. Surely not. Surely, we’re not going to put up with him again. But who knows? 
GOSZTOLA: The neoconservatives, as they call them, ran away from Donald Trump, but it seems they may be coming back, as it’s their only way to have access to power. So let’s talk about the critical issue of the human beings, who still remain captive at Guantanamo. I know you’ve done some recent work on Abu Zubaydah. Just so people can have a case within our interview to think about, and to think about the critical importance of closing Guantanamo and what’s at stake, talk about how he was denied release and what we know about how he was treated. 
WORTHINGTON: I suppose I should really start out by breaking down who is at Guantanamo, these 60 men. Twenty of them have been approved for release by two review boards, one back in 2009. There are still a handful of men approved for release then, who haven’t actually been freed. The rest of them were approved by a review board that’s been taking place over the last few years, the Periodic Review Board, which is like a parole board. People have to demonstrate they show contrition for what they did, and they want to have constructive peaceful lives if they’re released. 
That process has been involving at Guantanamo, who isn’t already approved for release or facing trial. And just ten men are facing trials. So, at present, of those people held, there are 30 men, who have had these reviews, that have said on balance we’ve reviewed their cases and we’re still going to carry on holding them but we’re not putting them on trial. 
Abu Zubaydah is one of those people. He was the person that the Bush administration’s CIA torture program was created for. He was the first victim of that. He was someone who was outrageously hyped up by the Bush administration as somebody close to Osama bin laden, involved in 9/11 attacks. Number three in al Qaida was what they were saying at the beginning, even though there were people in the intelligence community who knew from the beginning that this simply was true about him
But they tortured him abominably, waterboarded him on 83 occasions, destroyed him in some ways. He has fits, is in a pretty terrible way. All of this was for somebody that was who they said he was. The U.S. government eventually backed down and said they didn’t think he knew about the 9/11 attacks. He wasn’t a member of al Qaida. They’re still trying to suggest that he was part of some kind of militia that would enable to say he was an enemy of the United States. 
The thing about Zubaydah is obviously, as with everybody held, the terrible things that happened should not have happened. Skilled interrogators would have been able to sit down with these guys without laying a finger on them and get information from them. Then we would have been able to have trials that would have been acceptable. But this is a kind of revisionism of history that didn’t happen—Terrible things happened instead.
This man was a facilitators for an independent training camp that had some involvement in militarily training and some people that were trained there it seems went away and became involved in plots. So it’s not that there isn’t a case against him on some level, but whether he actually constituted an enemy of the United States, I couldn’t really say. 
But there he is in Guantanamo, and like all these to moral or other degrees were mistreated and who may or may not have done things in some way against the United States, he’s had this review process, and they’ve said, well, no, we’re not going to approve him for release. He’s now eligible for further reviews, as are all the other men who had their ongoing imprisonment upheld. 
Now, these reviews were initiated several years ago by an executive order that President Obama. They involve the Defense Department, the intelligence agencies, all the major government departments. So it’s an ongoing process unless, of course, a new government decided they were not interested in them, and we don’t know where President-To-Be Donald Trump stands on the periodic review boards or where the people gathering around him stand on them. But I think it would be fair to say there will be a certain amount of hostility toward them. What I don’t know is how much within these departments of the kind of unchanging people who do the work, regardless of who the government is, how much there will be feedback within these various departments and agencies about what they think is the usefulness or not of reviewing people. 
I think it’s fair to say that we’re fortunate—those of us who want to see Guantanamo closed—that President Obama has done so much in recent years to reduce the population. 
GOSZTOLA: There’s been a lot of promising developments, especially in the last year, but at the last time, you see a real failure because now with the election of Donald Trump the Obama administration has left the door open for the military to keep using it as a facility. Right now, as I understand it, some of the camps are being transformed into mental health or hospital facilities. Still, easily, you could put the brakes on that. Donald Trump could use that again for what we already have read about in your reporting and other books. 
WORTHINGTON: I have to say, although the worst case scenario could happen in anything we think of, when we look at Donald Trump and these figures within the Republican Party who want power and influence—There are very strong arguments I suspect will be made by career bureaucrats, by lawyers, and certainly of course by NGOs. I would not expect silence from the liberal media. I would think there would be a lot of voices discussing very loudly how inappropriate it would be, for example, to send anyone new to Guantanamo. 
President Obama, to his credit, he always treated it as a legacy issue. He never sent anybody there. Every time that some terrorist suspect was apprehended, pretty much wherever it was, these Republicans, the kind of people now jockeying for power, would have been saying send this person to Guantanamo. Give him the works. Torture them. All of this stuff, and ridiculous, and he never did. 
This isn’t just some kind of humanitarianism that can be easily dismissed. The truth is if you apprehend a terrorism suspect and what to give them a trial then do it in federal courts. Because federal courts have a long and capable history of doing it. What everybody needs to remember and what even the great cheerleaders for Guantanamo actually know when you put them on the spot is that when Guantanamo was setup there were still federal court trials taking place successfully for people accused of terrorism. The same happened throughout the Obama administration. 
Really when you step back and look at it and strip away the hysteria, Guantanamo is an aberration. It’s a broken place that doesn’t work. It would be very hard to make a case. We’re not thankfully in the middle of a national emergency like we were in the wake of 9/11. 
There is no clear and present danger to the nation that would justify people saying, I know what the rules are that normally reply, but the thing that’s happening to us is so awful that we must throw away all those ways of behaving and do this terrible thing. There isn’t actually any pressure for doing that that is justifiable. I think that it would be difficult for them to justify it, and there would be a lot of resistance institutionally. But you know, who am I to know? If people take over with an aggression and craziness, it’s possible they can steamroll everything before them. 
GOSZTOLA: You also are a singer, and you have a band. I wanted to have you share the work you’ve been doing. It’s called the Four Fathers. You recorded a song particularly for the campaign to close Guantanamo.
WORTHINGTON: I’ve kind of revisited something I’ve done before, which is to sing about something of importance to me. You actually made a “Protest Song of The Week” awhile back, the song I wrote for Shaker Aamer who was the last British resident in Guantanamo who I was campaigning to release. I came up with another song fairly recently. Earlier this year was when I came up with it, about Guantanamo. 
That kind of fell into place that here’s this sunny, bouncy tune, which I think is probably appropriate for what this corner of the Caribbean should be, and then I basically just sang about what’s happened at Guantanamo since the prison was setup. I kind of distilled into verse what I’ve always understood about it—how the Bush administration chose it to be beyond the law, said they could torture and abuse people, when they tortured and abused people they told lies, they had the nerve to then present these lies that people told under torture and abuse as though they were the truth. 
And then the last verse of the song, which I’ve used in the campaign video for the “Close Guantanamo” campaign is about President Obama’s struggles to close Guantanamo and what seems to be his failure to be able to do so. I hope people will like the song. I think it tells the story well and in a good manner. It would be lovely if you could play it to your listeners. 
Listen to “Close Guantanamo”: 

The post Interview: Andy Worthington On Final Push To Close Guantanamo appeared first on Shadowproof .
",real,fake,0.99975866,real,0.0410136,fake,0.9581693,fake,0.99938935,real,0.0008185200120711,fake,0.55093014,1,0,1,1,0,1,4,real→fake,correct,real→fake,real→fake,correct,real→fake,400,9,True
18681,"“Got tricked into clicking on a site that sells Twitter followers, where I had this conversation with the owner”","Next Swipe left/right “Got tricked into clicking on a site that sells Twitter followers, where I had this conversation with the owner” 
@Drewtoothpaste over on Twitter says, “Got tricked into clicking on a site that sells Twitter followers, where I had this conversation with the owner”",real,real,0.004234791,real,0.00013661385,real,0.2011885,fake,0.96043915,real,1.8237391545258368e-19,real,0.4061932,0,0,0,1,0,0,1,correct,correct,correct,real→fake,correct,correct,46,19,False
20793,"Syrian refugee with FOUR WIVES and 23 CHILDREN ‘claims £320,000 a year in benefits’","By CHARLIE BAYLISS 
The migrant, known only as Ghazia A, fled Syria last year along with his family. 
He has since resettled in Germany with his four wives and 22 of his children. One of his daughters has since moved to Saudi Arabia where she has married. 
The family could be receiving more than £320,000 a year in benefits according to a financial manager on the Employers’ Association website. 
There is no official confirmation on this figure. 
Under Islamic tradition, the 49-year-old can have up to four wives – as long as he can support them financially. 
Germany does not legally recognise polygamy, meaning that Ghazia A was forced to choose a “main wife” so the rest of the family could claim benefits. The other three wives are categorised as “friends” of the Syrian migrant. 
But a local official in the town of Montabaur described the situation as an “exemption”. 
Ghazia A now lives with his “main” wife Twasif and their five children in Montabaur, in the state of Rhineland-Palatinate – while the other three wives and children have been moved into neighbouring communities up to 31 miles away. 
The man used to work in a garage and car hire service in his homeland but has not worked since resettling in Germany. 
He expressed an interest in working again but noted his commitments to his family made this difficult. 
He told German",real,fake,0.92786074,real,0.011678636,real,0.13636214,fake,0.972426,real,0.0009206207669514,real,0.35229534,1,0,0,1,0,0,2,real→fake,correct,correct,real→fake,correct,correct,232,14,False
25901,London couple who ‘don’t need a car’ want a lift,"London couple who ‘don't need a car’ want a lift 14-11-16 A COUPLE from London who insist they do not need a car have asked for a lift. Tom Logan and his girlfriend Eleanor Shaw live in East London and rely on trains and Ubers to get around, believing that cars are wasteful. However they really need a lift to a wedding near Portsmouth on Saturday. Shaw said: “Living in London gives you a different perspective on transport. It makes you realise that having your own car is simply unnecessary, not to mention terrible for the environment. “That said, we could really do with being picked up from Portsmouth station around midday on Saturday.” Logan added: “Owning a car is a British obsession we just don’t buy into. We’re so well served for transport links where we live, we really have no need for a car – except for every time we leave London. “In the provinces, we have to rely on the kindness of family, friends and sometimes even strangers to give us lifts, much like children being taken to after-school activities. “We don’t give people petrol money though, preferring to operate a vague barter system.” 
Share:",real,real,0.45466453,real,0.46965802,real,0.023894489,fake,0.97637576,real,3.242847394547342e-14,real,0.4061932,0,0,0,1,0,0,1,correct,correct,correct,real→fake,correct,correct,198,10,False
26024,This is how a newspaper covered the story of a car smashing into their office,"Next Swipe left/right This is how a newspaper covered the story of a car smashing into their office 
@Wizbates over on Twitter says, “Best headline ever. The splash is that a car drove into the newspaper’s office”",real,real,0.0007109642,real,0.0019965768,real,0.023094893,fake,0.9843041,real,5.0678874903014495e-18,real,0.4061932,0,0,0,1,0,0,1,correct,correct,correct,real→fake,correct,correct,37,15,False
26680,Poll: 41 percent of voters say election could be ‘stolen’,"Email 
The Politico/Morning Consult Poll finds that 41 percent of voters think widespread voter fraud could cause the GOP nominee to lose the election. Amid Trump's increased warnings about a ""rigged election,"" 73 percent of Republicans think the election could be stolen from him, compared to 17 percent of Democrats. 
Over the past week, Trump has cast doubt on the American electoral system, saying he believes the results will be ""rigged"" at many polling places. 
""The election is absolutely being rigged by the dishonest and distorted media pushing Crooked Hillary — but also at many polling places — SAD,"" Trump wrote on Twitter Sunday. 
Trump has also encouraged supporters to keep an eye on voting locations to prevent fraud, which some say is a ploy to intimidate voters. 
Trump is trailing Democratic nominee Hillary Clinton in the polls following sexual assault and harassment allegations from multiple women. 
The Politico/Morning Consult poll showed Clinton leading Trump by 5 points, 46 to 41 percent. 
In a RealClearPolitics polling average, Clinton leads Trump by 5.5 points, 47.7 to 42.2 percent. 
While Speaker Paul Ryan (R-Wis.) and even Trump's running mate, Indiana Gov. Mike Pence, have tried to reassure the electorate about the reliability of the election system, the poll released Monday found 60 percent of Americans think it is necessary to question the accuracy of the election results. 
The poll was conducted among 1,999 registered voters Oct. 13–15 and has a margin of error of 2 percentage points.",real,real,0.112567544,real,3.7312508e-05,fake,0.8905146,fake,0.9963169,real,4.758228482378468e-07,real,0.4061932,0,0,1,1,0,0,2,correct,correct,real→fake,real→fake,correct,correct,245,10,True
26963,CAN IT GET MORE CORRUPT? Bill That Bans Naming Officers Involved in Shootings Goes to Pennsylvania Governor,"Editor’s Note : Disgusting. This country just gets more and more corrupt by the day… it’s insane. Pretty soon it will collapse of its own weight under so much disgusting corruption.

The Pennsylvania legislature has passed a law prohibiting the release of officers’ names for up to 30 days after a police-related death has occurred. It was backed by Philadelphia police unions and will become law if signed by Democratic Governor Tom Wolf.
The measure passed Thursday after the Republican-controlled legislature voted along party lines. If the bill becomes law, it will prevent public officials from releasing the names of officers involved in shootings which cause death or “ serious bodily injury ” for up to 30 days after the incident, or until the conclusion of an official investigation.
The bill, HB 1538, was sponsored by state Rep. Martina White (R-Philadelphia) and is a direct contradiction of the Philadelphia Police Department’s policy of releasing names within 72 hours of a shooting.
The 72-hour rule was created by the Department of Justice and put into place by former police commissioner Charles H. Ramsey in 2014, after it was recommended. Speaking in support of the rule at the time, Ramsey said : “ I don’t think you can reasonably expect to shoot people and remain anonymous. ”
However, the influential Philadelphia Police Union has defended HB 1538.
“ We’re just asking to put a lid on the boiling pot until things calm down, especially if it’s an investigation that could lead to protests in the community, ” John McNesby, president of the 14,500-strong union, told the Pittsburgh Post-Gazette.
White claims the bill is needed, due to the dangers faced by police officers
“ I was watching the television and just saw how officers are being gunned down and other officers in different states had been subjected to harassment and the very things that they are trying to protect citizens like ourselves from experiencing, and to me the 72-hour rule is really just an arbitrary number, ” White told the Post-Gazette.
However, neither McNesby nor White could identify any instances of officers or their families being harmed due to being publicly identified.
McNesby told the Post-Gazette that he was unaware of any direct threats that had taken place, but said “ that’s what we’re looking to stop before it becomes a reality. ”
The American Civil Liberties Union of Pennsylvania has criticized the bill, calling it “ a policy that will heighten tensions between the police and the communities they serve” and accusing it of being “completely tone deaf to the needs of communities that are impacted by police brutality. ”
Rep. Margo Davidson (D-Delaware County) has also spoken out against the bill, saying it undermines “ the bridges that have been built between law enforcement and communities of color. ” She added that “ this legislation will do nothing but breed suspicion. ”
Davidson, along with many other Philadelphia Democrats, opposed the bill in the 151-32 vote.
Governor Wolf has yet to comment on whether or not he will sign the bill, which passed the Senate and House with a veto-proof majority. If Wolf still decides to veto, an override of that veto would only be able to take place after the next election.

Read Also: War on Cops Debunked: More Cops Died by Accident Than Violence in 2015 
Delivered by The Daily Sheeple 
We encourage you to share and republish our reports, analyses, breaking news and videos ( Click for details ). 
Contributed by RT.com of RT.com . ",real,real,0.0025426745,real,2.014637e-05,real,0.022261202,fake,0.9822255,real,7.477521458232713e-08,fake,0.52749926,0,0,0,1,0,1,2,correct,correct,correct,real→fake,correct,real→fake,400,17,True
29042,National Attention On Ayotte - Hassan (*NH) Senate Race,"Maggie Hassan, left and Kelly Ayotte Hassan declares victory in U.S. Senate race with Ayotte By PAUL FEELYNew Hampshire Union Leader Update, 11:00 a.m. Gov. Maggie Hassan declared she’s won New Hampshire's U.S. Senate race, unseating Republican Sen. Kelly Ayotte.During a hastily-called press conference outside the State House, Hassan said she’s ahead now by enough votes to survive returns from the few outstanding towns that are left.“I am proud to stand here as the next United States senator from New Hampshire,” Hassan said to cheers from a large group of supporters led by Congresswoman Annie Kuster and Hassan’s husband, Tom.The two-term governor said she hadn’t spoken with Ayotte.It’s clear we have maintained the lead in and have won this race,” Hassan said.Sen. Ayotte issued a brief statement after Hassan’s event but did not concede and deferred to Secretary of State Bill Gardner’s final results.""This has been a closely contested race from the beginning and we look forward to results being announced by the Secretary of State, and ensuring that every vote is counted in this race that has received an historic level of interest,” Ayotte said.Hassan said she called to congratulate Gov.-Elect Chris Sununu, a Newfields Republican, and vowed to work together on a smooth transition of power in the state’s corner office.With 99 percent of the vote counted, Hassan led Ayotte, a Nashua Republican, by 640 votes, or much less than 1 percent. There were only two voting precincts left to report.A recount of this statewide race seems like a real possibility; the margin is small enough that Ayotte will not have to pay for it. An earlier story follows: CONCORD — Republican incumbent Sen. Kelly Ayotte told supporters early Wednesday she is feeling ""really upbeat"" about her chances in one of the most closely watched — and expensive — U.S. Senate races in the country, but wasn't ready to claim victory over Democratic challenger Gov. Maggie Hassan to earn a return to Washington representing the Granite State.At 12:36 a.m., Ayotte took to the podium at the Grappone Conference Center in Concord to address supporters at her victory party, in a dead heat with Hassan 48 percent to 48 percent, or 287,479 votes to 284,743 votes, with 83 percent of precincts in the state reporting.""Joe and I are so excited to see all of you her tonight,"" said Ayotte. ""We feel really upbeat tonight.""Ayotte went on to thank supporters and ""our next Gov. Sununu.""""We know how hard you have all worked. We are so grateful. We are humbled by the fact that you would believe in us. Right now we are very upbeat about where this race is, but I believe strongly in the fact that we want to have every vote in before we come out and talk to you. Every vote matters, because every person matters in this state.""Gov. Hassan said while the race was too close to call, the campaign maintained a 5,000 vote lead, according to numbers compiled by her staff.“We still have a small but sustainable lead,” she said.Hassan told the crowd that a number of smaller towns had yet to report numbers, but was confident the lead would hold. The campaign said its numbers show Hassan has a vote of 323,375 to Ayotte’s 318,016 in over 90 percent of vote. The campaign said these numbers include results from big communities the Associated Press had yet to count like Salem, Derry, Lebanon, and Portsmouth. The cities of Manchester, Nashua, and Concord are included in the Hassan numbers.The governor headed home for the night and urged supporters to go home and get some sleep.Election Day 2016 marked the end of a long campaign cycle in the Granite State that kicked off nine months ago with the presidential primaries nine months ago, and didn’t let up until the final ballots were cast around 8 p.m. Tuesday.The Ayotte/Hassan contest, the most expensive political race ever in New Hampshire with over $100 million spent, took center stage this cycle alongside the presidential race between Republican nominee Donald Trump and Democratic nominee Hillary Clinton, cementing New Hampshire’s status as a battleground state, with its four electoral votes up for grabs. The race is one of about a half dozen around the U.S. being closely watched on Tuesday, with the outcome likely playing a part in deciding if the Republicans retain control of the Senate, or if Democrats regain the majority they lost two years ago.""It has been a great night for Republicans not just in New Hampshire but across the country,"" said NH GOP Chair Jennifer Horn. ""In New Hampshire, we know that when Republicans stand together, when Republicans fight together, we win."" .",real,fake,0.9979207,fake,0.9993075,fake,0.999244,fake,0.99995697,fake,0.9999999999999998,fake,0.6406468,1,1,1,1,1,1,6,real→fake,real→fake,real→fake,real→fake,real→fake,real→fake,400,9,True
31654,"American Dream, Revisited","License DMCA 
Will Trump pull a Brexit times 10? What would it take, beyond WikiLeaks, to bring the Clinton (cash) machine down? Will Hillary win and then declare WWIII against her Russia/Iran/Syria axis of evil ? Will the Middle East totally explode? Will the pivot to Asia totally implode? Will China be ruling the world by 2025? 
Amidst so many frenetic fragments of geopolitical reality precariously shored against our ruins, the temptation is irresistible to hark back to the late, great, deconstructionist master Jean Baudrillard. During the post-mod 1980s it was hip to be Baudrillardian to the core; his America, originally published in France in 1986, should still be read today as the definitive metaphysical/geological/cultural Instagram of Exceptionalistan. 
By the late 1990s, at the end of the millennium, two years before 9/11 -- that seminal before and after event -- Baudrillard was already stressing how we live in a black market maze. Now, it's a black market paroxysm. 
Global multitudes are subjected to a black market of work -- as in the deregulation of the official market; a black market of unemployment; a black market of financial speculation; a black market of misery and poverty; a black market of sex (as in prostitution); a black market of information (as in espionage and shadow wars); a black market of weapons; and even a black market of thinking. 
Way beyond the late 20th century, in the 2010s what the West praises as liberal democracy -- actually a neoliberal diktat -- has virtually absorbed every ideological divergence, while leaving behind a heap of differences floating in some sort of trompe l'oeil effect. What's left is a widespread, noxious condition; the pre-emptive prohibition of any critical thought, which has no way to express itself other than becoming clandestine (or finding the right internet niche). - Advertisement - 
Baudrillard already knew that the concept of alter -- killed by conviviality -- does not exist in the official market. So an alter black market also sprung up, co-opted by traffickers; that's, for instance, the realm of racism, nativism and other forms of exclusion. Baudrillard already identified how a contraband alter , expressed by sects and every form of nationalism (nowadays, think about the spectrum between jihadism and extreme-right wing political parties) was bound to become more virulent in a society that is desperately intolerant, obsessed with regimentation, and totally homogenized. 
There could be so much exhilaration inbuilt in life lived in a bewildering chimera cocktail of cultures, signs, differences and values; but then came the coupling of thinking with its exact IT replica -- artificial intelligence, playing with the line of demarcation between human and non-human in the domain of thought. 
The result, previewed by Baudrillard, was the secretion of a parapolitical society -- with a sort of mafia controlling this secret form of generalized corruption (think the financial Masters of the Universe). Power is unable to fight this mafia -- and that would be, on top of it, hypocritical, because the mafia itself emanates from power. 
The end result is that what really matters today, anywhere, mostly tends to happen outside all official circuits; like in a social black market. 
Is there any information truth? - Advertisement - 
Baudrillard showed how political economy is a massive machine, producing value, producing signs of wealth, but not wealth itself. The whole media/information system -- still ruled by America -- is a massive machine producing events as signs; exchangeable value in the universal market of ideology, the star system and catastrophism. 
This abstraction of information works as in the economy -- disgorging a coded material, deciphered in advance, and negotiable in terms of models, as much as the economy disgorges products negotiable in terms of price and value. 
Since all merchandise, thanks to this abstraction of value, is exchangeable, then every event (or non-event) is also exchangeable, all replacing one another in the cultural market of information. 
And that takes us to where we live now; Trans-History, and Trans-Politics -- where events have really not happened, as they get lost in the vacuum of information (as much as the economy gets lost in the vacuum of speculation).",real,real,0.0005788803,real,0.00015807152,real,0.032387853,fake,0.95354337,real,8.633763153033193e-22,real,0.48763573,0,0,0,1,0,0,1,correct,correct,correct,real→fake,correct,correct,400,3,True
31896,CAN IT GET MORE CORRUPT? Bill That Bans Naming Officers Involved in Shootings Goes to Pennsylvania Governor,"Editor’s Note : Disgusting. This country just gets more and more corrupt by the day… it’s insane. Pretty soon it will collapse of its own weight under so much disgusting corruption.

The Pennsylvania legislature has passed a law prohibiting the release of officers’ names for up to 30 days after a police-related death has occurred. It was backed by Philadelphia police unions and will become law if signed by Democratic Governor Tom Wolf.
The measure passed Thursday after the Republican-controlled legislature voted along party lines. If the bill becomes law, it will prevent public officials from releasing the names of officers involved in shootings which cause death or “ serious bodily injury ” for up to 30 days after the incident, or until the conclusion of an official investigation.
The bill, HB 1538, was sponsored by state Rep. Martina White (R-Philadelphia) and is a direct contradiction of the Philadelphia Police Department’s policy of releasing names within 72 hours of a shooting.
The 72-hour rule was created by the Department of Justice and put into place by former police commissioner Charles H. Ramsey in 2014, after it was recommended. Speaking in support of the rule at the time, Ramsey said : “ I don’t think you can reasonably expect to shoot people and remain anonymous. ”
However, the influential Philadelphia Police Union has defended HB 1538.
“ We’re just asking to put a lid on the boiling pot until things calm down, especially if it’s an investigation that could lead to protests in the community, ” John McNesby, president of the 14,500-strong union, told the Pittsburgh Post-Gazette.
White claims the bill is needed, due to the dangers faced by police officers
“ I was watching the television and just saw how officers are being gunned down and other officers in different states had been subjected to harassment and the very things that they are trying to protect citizens like ourselves from experiencing, and to me the 72-hour rule is really just an arbitrary number, ” White told the Post-Gazette.
However, neither McNesby nor White could identify any instances of officers or their families being harmed due to being publicly identified.
McNesby told the Post-Gazette that he was unaware of any direct threats that had taken place, but said “ that’s what we’re looking to stop before it becomes a reality. ”
The American Civil Liberties Union of Pennsylvania has criticized the bill, calling it “ a policy that will heighten tensions between the police and the communities they serve” and accusing it of being “completely tone deaf to the needs of communities that are impacted by police brutality. ”
Rep. Margo Davidson (D-Delaware County) has also spoken out against the bill, saying it undermines “ the bridges that have been built between law enforcement and communities of color. ” She added that “ this legislation will do nothing but breed suspicion. ”
Davidson, along with many other Philadelphia Democrats, opposed the bill in the 151-32 vote.
Governor Wolf has yet to comment on whether or not he will sign the bill, which passed the Senate and House with a veto-proof majority. If Wolf still decides to veto, an override of that veto would only be able to take place after the next election.

Read Also: War on Cops Debunked: More Cops Died by Accident Than Violence in 2015 
Delivered by The Daily Sheeple 
We encourage you to share and republish our reports, analyses, breaking news and videos ( Click for details ). 
Contributed by RT.com of RT.com . ",real,real,0.0025426745,real,2.014637e-05,real,0.022261202,fake,0.9822255,real,7.477521458232713e-08,fake,0.52749926,0,0,0,1,0,1,2,correct,correct,correct,real→fake,correct,real→fake,400,17,True
33201,Islamic Jihadi Slams into California Veteran’s Car at 100mph: “It was in the Name of Allah!”,"An Islamic jihadi decided to use his vehicle to attack a US veteran on the streets of California earlier this month. After slamming into the veteran's car, the men told an off-duty police officer, ""I did it on purpose. It was in the name of Allah."" 
Scott Alcala was going to play a round of golf with his father when the attack occurred. 
Alcala had to act quickly and swerve into oncoming traffic in an attempt to avoid a Chevy Suburban that was headed straight for him. 
""I saw the suburban coming right at me about to T-bone right into the driver door and I thought that was it,"" he said. ""A second later I turned my head and just smashed into the barrier."" 
Both men survived and no one else was involved. However, Acala says an off-duty police officer went to check on the other man. 
""The off-duty police officer went to talk to the other driver in his vehicle and he said, 'Are you alright? That was way too fast,' and (the driver) said 'I did it on purpose,"" Acala recalled. ""It was in the name of Allah.'"" 
Fox 26 reports : 
The police report says driver Ameer Abbaf Fakhraldin told police the collision was caused by Donald Trump's improper treatment of minorities, and by Allah and other people's lack of faith in him. Fakhraldin estimated his speed was 100 miles per hour. He also told police he caused the crash by using psychic / telekinetic powers to control the steering. The officer at the scene said the driver showed apathy and neglected interest. 
Police haven't specified if this was an act of terrorism but Alcala thinks it was. 
""There was no remorse,"" Acala said. ""He just went back to his car nonchalant, pulled out a water bottle and just posted up."" 
""He was just trying to target as many people as he could,"" he added. ""He was just trying to cause a pile up. It wasn't me personally. It was as if someone were to throw a bomb in the middle of downtown, it's no different, it's the same thinking."" 
Mr. Acala then added that as a veteran, having fought over seas, this makes him feel like he is encountering a war zone in his homeland. 
""Coming back from Afghanistan, thinking I'm on home soil I'm safe now… just shouldn't have to worry about something like that you know,"" he said. 
Did you hear this in the mainstream media? I'm guessing you didn't. After all, they are too busy cover for Islamic jihadists , right? shares",real,fake,0.99971503,fake,0.9768488,fake,0.8613751,fake,0.9959183,real,2.8495746094649303e-12,fake,0.5937003,1,1,1,1,0,1,5,real→fake,real→fake,real→fake,real→fake,correct,real→fake,400,16,True
33356,What Now?,"by Thomas Sowell 
The good news is that we dodged a bullet in this election. The bad news is that we don’t know how many other bullets are coming, or from what direction. 
A Hillary Clinton victory would have meant a third consecutive administration dedicated to dismantling the institutions that have kept America free, and imposing instead the social vision of the smug elites. That could have been the ultimate catastrophe — not just for our time, but for generations yet unborn. 
In one sense, Donald Trump’s victory was a unique American event. But, in a larger sense, it represents the biggest backlash among many elsewhere, against smug elites in Western nations, where increasing numbers of ordinary people are showing their anger at where those elites are leading their countries. 
There, as here, mindlessly flinging the doors open to peoples from societies whose fundamental values clash with those of the countries they enter, has been a hallmark of arrogant blindness and disregard of negative consequences suffered by ordinary people — consequences from which the elites themselves are insulated. 
Nor is this the only issue on which the blindness of elites has set the stage for a political backlash. The anti-law enforcement fetish among the insulated elites has even more tragically sacrificed the safety of the general public. This too has been common on both sides of the Atlantic. 
Riots in London, Manchester and other cities in England in 2011 were incredibly similar to 2014 riots in Ferguson, Missouri, 2015 riots in Baltimore and similar riots in other American cities. 
The fact that the rioters in England were mostly white, while those in America were mostly black, gives the lie to the facile excuse that such riots are due to racial oppression, rather than being a result of appeasing mobs and restricting the police. 
Nor is the election of Donald Trump likely to lead the elites to having second thoughts about the prevailing dogmas of their groupthink. On the morning after Mr. Trump’s upset victory over Mrs. Clinton, a newswoman at CNN mentioned the disappointment of some women that “the glass ceiling” was not shattered as expected. 
What an insult to everyone’s intelligence is that catch phrase, “glass ceiling.” What does “glass” mean, if not that you cannot see the ceiling, but somehow you just know that it is there? And how do you know? Because it has been repeated so often. 
It is like the fable of the emperor’s new clothes, but a fable for adults. 
Demagogues like Hillary Clinton can point to the fact that women as a group do not receive as much income as men as a group. But, factual studies over the past 40 years have shown repeatedly that, when you compare women who work as many hours a year as men, and as many continuous years in the same occupations as men, the income differences shrink to the vanishing point, and sometimes even reverse. 
But how many politicians or media people care about facts, when the facts go against their preconceptions? 
Donald Trump’s unexpected victory should send a lot of people back to the drawing board to rethink their assumptions about many things. That includes not only the political left but also the Republican establishment. But don’t count on it. 
The Republican establishment has been called many things, but introspective is not one of them. One thing they might reconsider is their assumption that they alone know just what kind of presidential candidate is needed to win elections. 
But the two most surprisingly successful Republican candidates of the past half century — Ronald Reagan and now Donald Trump — bore no resemblance to the candidates who epitomized the Republican establishment’s model, such as Bob Dole, John McCain and Mitt Romney. 
Among others who could also use some rethinking is Donald Trump himself. When he acted like a petulant adolescent, he may have gotten the adulation of his core constituents. But it was only toward the end, when he began to act like a responsible adult seeking the highest office in the land, that he began to overtake Hillary Clinton. 
Donald Trump is a wild card. We don’t know whether he was play-acting when he carried on like a juvenile lout or when he played the role of a mature adult. But he and the country could both benefit from some serious introspection on his part. 
Thomas Sowell is a senior fellow at the Hoover Institution, Stanford University, Stanford, CA 94305. His website is www.tsowell.com. To find out more about Thomas Sowell and read features by other Creators Syndicate columnists and cartoonists, visit the Creators Syndicate webpage at www.creators.com. 
COPYRIGHT 2016 CREATORS.COM Identity Politics in America: a Post-Mortem 0",real,fake,0.5491247,fake,0.8832573,fake,0.8107937,fake,0.97382987,real,8.38494195801835e-10,fake,0.71186626,1,1,1,1,0,1,5,real→fake,real→fake,real→fake,real→fake,correct,real→fake,400,2,True
33962,VIDEO: Trump’s Hollywood Star Smashed by Lunatic with Sledgehammer,"We Are Change 
A man posing as a construction worker destroyed Donald Trump’s star on the Hollywood Walk of Fame with a pickaxe and a sledgehammer early Wednesday morning, as bystanders stopped and watched.
The vandalism was captured on video shortly before 6 a.m. The star, Trump’s name, and the camera icon sitting in the center were all destroyed. The cost of the damage is estimated to be around $2,500. 
The vandal identified himself as “Jamie Otis,” to Deadline Hollywood, and explained that he was planning to “extract the star to auction it off and raise funds” for the women who have accused Trump of being sexually inappropriate. He chatted casually with a person who filmed the incident on his cellphone. 
By the time that police arrived, the man had already left. He is described as a white male, and left behind the pick, sledgehammer, a construction hat, and vest, USA Today reports. 
“We’re reviewing surveillance footage from local businesses and when the case is completed, it will be submitted to the district attorney for filing of a felony vandalism charge,” Officer Norma Eisenman told USA Today. 
The star was dedicated in 2007, and sat at 6801 Hollywood Blvd. by the Dolby Theatre — across the street from the busy Hollywood & Highland shopping and entertainment center. The Hollywood Chamber of Commerce has said in a statement that Trump’s star will be replaced immediately, and work has already began on it — though it will have to sit for a couple of days before it can be polished. 
“When people are unhappy with one of our honorees, we would hope that they would project their anger in more positive ways than to vandalize a California state landmark,” Hollywood Chamber of Commerce president and CEO Leron Gubler said. “Our democracy is based on respect for the law. People can make a difference by voting and not destroying public property.” 
Gubler added that they intend to prosecute the vandal to the fullest extent of the law when he is located. 
The star has been a target of vandalism throughout the election season, by people repeatedly spray painting it — and even defecating on it. 
In February, the star was defaced with a large black swastika. 
Someone painted a swastika over Donald Trump's Hollywood Walk of Fame star https://t.co/FvSKy7CuyY pic.twitter.com/k1Mw5irqcs 
— Washington Examiner (@dcexaminer) February 1, 2016 

In May, someone spray painted a large mute sign over it. 
Donald Trump’s Hollywood Walk of #Fame star was just enhanced with a muted #sign painted by Norwegian #artist Pøbel. pic.twitter.com/kBqQeJic5l 
— All Public Art (@allpublicart) May 9, 2016 

It has disgustingly been covered in both human and animal bodily waste. 
Donald Trump's star on Hollywood walk of fame … covered in dog poop https://t.co/xDRH6Wea45 pic.twitter.com/lOB8gV2GjB 
— NTXProgressive (@NTXProgressive) April 5, 2016 
I spit on Trump's walk of fame star pic.twitter.com/BJ66IiGbQt 
— Anna Švercl Hetzer (@anna_hetzer) March 13, 2016 
I didn't even know Trump had a star on the Walk of Fame, but we discovered it this weekend… covered in urine. pic.twitter.com/bTTu0FvXuj 
— Ken Peters (@brand_BIG) March 22, 2016 


In June, it was vandalized again. 
Folks wrote on Trump's star. I'm tripping. I'm not sure if y'all can see that but it says ""F Donald Trump"" pic.twitter.com/bgcb0ox92Z 
— Juice Welch (@GrapeJuiceMe) June 7, 2016 
A picture I took of Donald Trump's star on the Walk of Fame in LA a few months ago pic.twitter.com/FnuKhRY7n4 
— Khalid (@WorldOfK_) March 10, 2016 

In July, a protester and street artist who goes by the name “Plastic Jesus” built a tiny wall out of concrete around the star. The wall was complete with barbed wire and “keep out” signs. 
“Hollywood sight-seers on the famous walk of fame were confronted with an unusual edition to Trump’s Famous Star. Someone had built a 6? tall grey concrete wall around it. Complete with ‘Keep out’ signs and topped with razor wire. The unofficial addition to the iconic star appeared early Tuesday afternoon, to the amusement of onlookers,” Plastic Jesus wrote of the wall on Instagram. 
Street artist Plastic Jesus surrounds Donald Trump's star on Hollywood's Walk of Fame with a tiny barbed wire wall pic.twitter.com/nhk64pRCck 
— BBC Newsbeat (@BBCNewsbeat) July 21, 2016 

Anyone with information about Wednesday’s vandal is asked to call the Los Angeles Police Department at (213)972-2971. 
The post VIDEO: Trump’s Hollywood Star Smashed by Lunatic with Sledgehammer appeared first on We Are Change .
",real,real,0.0013077855,real,0.00032663345,real,0.018184483,fake,0.9834836,real,7.412077059484481e-09,real,0.3533182,0,0,0,1,0,0,1,correct,correct,correct,real→fake,correct,correct,400,9,True
40738,Ukraine Stunned as Vast Cash Reserves of Political Elite Are Made Public - Tyler Durden,"Bias bashers Ukraine Stunned as Vast Cash Reserves of Political Elite Are Made Public 
Ukraine is the latest country to discover that cronyism and corruption in politics pays - a lot - and is very unhappy about it. Originally appeared at Zero Hedge 
As a result of an anti-corruption reform requiring senior Ukrainian officials to declare their wealth online, the local population has been been exposed to the vast difference between the fortunes of politicians and those they represent. 
As Reuters reports , some declared millions of dollars in cash. Others said they owned fleets of luxury cars, expensive Swiss watches, diamond jewelry and large tracts of land - revelations that will crush public confidence in the authorities in Ukraine, where the average salary is just over $200 per month. Officials had until Sunday to upload details of their assets and income in 2015 to a publicly searchable database, part of an International Monetary Fund-backed drive to boost transparency and modernise Ukraine's recession-hit economy. 
As in the US, the corruption starts (and ends) at the top, and the value of Ukrainian President Petro Poroshenko's assets soared despite economic crisis and conflict while those of other tycoons shrank in an annual wealth list published Friday. The 50-year-old Western-backed president 's business empire ranges from chocolates to media holdings still under his control. Poroshenko - a prominent fixture of the Panama Papers - retains control of a top TV channel and has failed to follow through on his promise to sell off his Roshen chocolate empire due to a lack of foreign interest and a dearth of rich-enough investors in Ukraine itself. 
The Novoye Vremya weekly showed the Ukrainian leader, often criticised for failing to curb the political powers of fellow tycoons, ranked as the country's sixth-richest man. Perhaps Poroshenko should be more criticized for focusing mostly on his own net worth at the expense of the general population: his reported assets rose by 20% to $979 million, only just supporting his claim he is no longer a billionaire. 
The president's official spokesman did not pick up his phone when contacted repeatedly by AFP. 
How did Poroshenko's wealth grow by hundreds of millions? Chocolate. 
""Poroshenko's (wealth) rose thanks to the rise in value of his candy business that- even in the midst of the deepest of crises - is developing quickly, building new capacities and conquering new markets,"" the weekly said. 
Poroshenko promotes himself as a Western-style businessman who built his empire from the ground up and kept to transparency standards that most others simply ignored. Many of Ukraine's other mega-rich scooped up their holdings at cut-price rates in pre-arranged privatisation deals in which which they rewarded the government by funding its parliamentary parties and campaigning for them in the media. 
Now, the people finally are starting to see right through it: ""This will not benefit the president's ratings or help improve Ukraine's image as a nation run by oligarchs,"" Vadym Karasyov of Kiev's Institute of Global Strategies told AFP. 
Poroshenko is not the only oligarch to take advantage of the ""crony capitalist chaos"" unleash in Ukraine with the US-backed 2014 presidential coup. Prime Minister Voldymyr Groysman, who last week likened the declarations process to jumping out of an airplane, revealed that he and his wife had a total of $1.2 million and 460,000 euros in cash and a collection of luxury watches. 
The database also shows that Groysman, a former businessman and provincial mayor, is not alone in preferring to keep much of his money out of Ukraine's banking system. Reuters calculations based on the declarations show that the 24 members of the Ukrainian cabinet together have nearly $7 million, just in cash . 
The declarations of two brothers in President Petro Poroshenko's faction, Bohdan and Yaroslav Dubnevych, show holdings of over $26 million, also in cash only . 
""When the Economy Ministry says that in some areas around 60 percent of the economy is in the shadows, then this is accounted for by the volume of cash registered by civil servants, officials and lawmakers,"" said Taras Kachka, deputy executive director at George Soros's International Renaissance Foundation. ""This is a reflection on the state of our society."" 
Justice Minister Pavlo Petrenko, who declared $1 million in a bank account and a further $500,000 in cash, said officials' decision to hold cash pointed to a mistrust in the banks that many Ukrainians could relate to. It also points to a burning desire not to have one's wealth easily confiscatable when another political regime emerges. 
""Of course to EU countries it seems uncivilised that people hold cash,"" he said. ""But it is linked to the fact that the banking system could, let's say, be doing better. This is a problem for many Ukrainians who lost their savings in the bank."" 
* * * 
Not everyone's wealth is soaring, however. The wealth list is topped by 49-year-old metals magnate Rinat Akhmetov, a controversial figure accused by some local media of impeding Poroshenko's efforts to halt the 18-month war in the pro-Russian east. Novoye Vremya said Akhmetov's fortunes had plunged by 56 percent to $4.5 billion due in part to the sharp recent fall in global commodity prices. 
Poroshenko's sworn political foe and banking giant Igor Kolomoyskiy came in third with an estimated fortune of $1.9 billion. The 52-year-old grey-bearded and fiercely outspoken figure finds himself in the peculiar position of being at odds with both Kiev and Moscow. Russia's state media accuse him of funding Ukrainian neo-Nazi combat units that commit grave crimes in the separatist east. 
Poroshenko's fight against Kolomoyskiy began with efforts to strip him of his indirect control of a state-owned oil company and culminated in the businessman losing his seat as governor of the industrially important Dnipropetrovsk region in March. Kolomoyskiy's wealth reportedly slipped by 17 percent due to the country's financial woes. 
* * * 
While the online declaration system has been intended to represent a show of good faith that officials are willing to open their finances up to public scrutiny, to be held accountable, and to move away from a culture that tacitly allowed bureaucrats to amass wealth through cronyism and graft, the public reaction has been one of shocked dismay at the extravagant lifestyles conjured up by many of the disclosures according to Reuters . 
""We did not expect that this would be such a widespread phenomenon among state officials. I can't imagine there is a European politician who invests money in a wine collection where one bottle costs over $10,000,"" said Vitaliy Shabunin, the head of the non-governmental Anti-Corruption Action Center. 
Something tells us Vitaliy would be surprised, although considering that some European politicans are ""allegedly"" even more corrupt than their Ukrainian peers, a similar exercise in transparency would never take place in Brussels as it would lead to revelations that put the Panama Papers to shame. 
Among the disclosures, it emerged that opposition bloc lawmaker Mikhail Dobkin's declaration included 1,780 bottles of wine and an antique copy of Russian novel Anna Karenina worth at least $5,500. Roman Nasirov, the head of the State Fiscal Service, disclosed that he and his wife owned Swiss watches, diamond jewellery, fur coats, fine porcelain and crystal glassware, an assault rifle and cash in euros and dollars worth $2.2 million. 
The declaration of Oleh Lyashko, the head of the populist Radical party who has styled himself as a representative of the common man, showed he rented a house and land in Kiev's most exclusive district and his household had cash worth the equivalent of over $1 million. 
* * * 
Other forms give an insight into particular hobbies and interests of Ukraine's elite. Ihor Hryniv, the head of Poroshenko's faction, has a collection of icons dating from the 14th century and several works by Ukrainian impressionist masters. Lawmaker Ihor Mosiychuk declared an array of antique weapons, including a 16th century Turkish scimitar, an English broadsword and a Nazi SS dagger . 
Many senior politicians filed their forms in the last two days before the deadline, resulting in a crescendo of surprise and anger on social media over the weekend. 
Some of the angriest responses came from members of the army. 
""I personally feel unwell. Or rather, like someone who has been beaten and is therefore unwell. I had no illusions about our political and official elite. But all the same, what's come out is beyond the pale ,"" Roman Donik, a volunteer to Ukraine's frontline troops, said on Facebook. 
Needless to say, Ukraine's corrupt politicians better watch out: the last group they want to anger with their show of wealth is the army, which will have no problem in ""redistributing"" it once . 
Actually, they should probably avoid any public contact for a while: the average Ukrainian citizen has been hit hard by the economic crisis that unfolded in the wake of the 2014 pro-European 'Maidan' uprising and subsequent pro-Russian separatist conflict. The national hryvnia currency has plummeted to 25 to the dollar from 8 in 2013 and energy tariffs have soared under the IMF-backed economic reform programme. 
As Reuters concludes, the latest revelations will likely add to public dissatisfaction with the current leadership's progress on reforms. A September poll showed that only 12.6 percent would now vote for Poroshenko's faction, down from 21.8 in the last election. Meanwhile support for populist and opposition parties has risen. The anti-corruption agency says it will now start verifying the declarations, but with over 100,000 forms submitted, it is unclear how thorough the process can be. 
* * * 
Ukraine's economy is on track to shrink by about 12 percent this year and only return to marginal growth should the eastern campaign end in 2016. 
So what's next: a presidential coup that brings back the ousted President Yanukovych under whom most were just as poor, but at least equally so? While purely hypothetical, it would be a fitting end to yet another disastrous US intervention in a foreign state's internal affairs.",real,fake,0.9674253,real,0.0024964213,real,0.005523026,fake,0.9996458,fake,1.0,fake,0.581375,1,0,0,1,1,1,4,real→fake,correct,correct,real→fake,real→fake,real→fake,400,15,True
44434,Simple But Beautiful Life Lessons,"posted by Eddie I’ve learned … That the best classroom in the world is at the feet of an elderly person. I’ve learned … That when you’re in love, it shows. I’ve learned … That just one person saying to me, “You’ve made my day!” makes my day. I’ve learned … That having a child fall asleep in your arms is one of the most peaceful feelings in the world. I’ve learned … That being kind is more important than being right. I’ve learned … That you should never say no to a gift from a child. I’ve learned … That I can always pray for someone when I don’t have the strength to help him in some other way. I’ve learned … That no matter how serious your life requires you to be, everyone needs a friend to act goofy with. I’ve learned … That sometimes all a person needs is a hand to hold and a heart to understand. I’ve learned … That simple walks with my father around the block on summer nights when I was a child did wonders for me as an adult. I’ve learned … That life is like a roll of toilet paper. The closer it gets to the end, the faster it goes. I’ve learned … That we should be glad God doesn’t give us everything we ask for. I’ve learned … That money doesn’t buy class. I’ve learned … That it’s those small daily happenings that make life so spectacular. I’ve learned … That under everyone’s hard shell is someone who wants to be appreciated and loved. I’ve learned … That the Lord didn’t do it all in one day. What makes me think I can? I’ve learned … That to ignore the facts does not change the facts. I’ve learned … That when you plan to get even with someone, you are only letting that person continue to hurt you. I’ve learned … That love, not time, heals all wounds. I’ve learned … That the easiest way for me to grow as a person is to surround myself with people smarter than I am. I’ve learned … That everyone you meet deserves to be greeted with a smile. I’ve learned … That there’s nothing sweeter than sleeping with your babies and feeling their breath on your cheeks. I’ve learned … That no one is perfect until you fall in love with them. I’ve learned … That life is tough, but I’m tougher. I’ve learned … That opportunities are never lost; someone will take the ones you miss. I’ve learned … That when you harbor bitterness, happiness will dock elsewhere. I’ve learned … That I wish I could have told my dad that I love him one more time before he passed away. I’ve learned … That one should keep his words both soft and tender, because tomorrow he may have to eat them. I’ve learned … That a smile is an inexpensive way to improve your looks. I’ve learned … That I can’t choose how I feel, but I can choose what I do about it. I’ve learned … That when your newly born grandchild holds your little finger in his little fist, that you’re hooked for life. I’ve learned … That everyone wants to live on top of the mountain, but all the happiness and growth occurs while you’re climbing it. I’ve learned … That it is best to give advice in only two circumstances: when it is requested and when it is a life-threatening situation. I’ve learned … That the less time I have to work with, the more things I get done. Source:",real,real,0.0011321306,fake,0.99595994,real,0.018919408,fake,0.9957865,real,3.9195910991411292e-19,fake,0.58292997,0,1,0,1,0,1,3,correct,real→fake,correct,real→fake,correct,real→fake,400,5,False
51232,EXPOSED: George Soros Bribed Al Gore Millions Of Dollars To Lie About Global Warming,"Share on Facebook Newly leaked documents from whistleblowing website, DC Leaks, reveal that Liberal billionaire, George Soros, used his Open Society Institute to pay Al Gore $10 million dollars per year to lie to the public about the effects man-made global warming has on the planet. According to the documents, George Soros gave former Vice President, Al Gore's environmental group millions of dollars in the space of three years to create a ""political space for aggressive U.S. action"" on global warming. YNW reports : “U.S. Programs Global Warming Grants U.S. Programs became engaged on the global warming issue about four years ago, at George Soros's suggestion,” reads a leaked OSI memo. “There has been a budget of $11 million for global warming grants in the U.S. Programs budget for the last several years,” the memo reads. “This budget item captures George Soros's commitment of $10 million per year for three years to Al Gore's Alliance for Climate Protection, which conducts public education on the climate issue in pursuit of creating political space for aggressive U.S. action in line with what scientists say is necessary to put our nation on a path to reducing its outsize carbon dioxide emissions.” It's unclear what year the memo was sent, but the Gore co-founded Alliance for Climate Protection (ACP) was established in 2006 and lasted until it became The Climate Reality Project in July 2011. In 2008, the Alliance launched a $300 million campaign to encourage “Americans to push for aggressive reductions in greenhouse gas emissions,” The Washington Post reported. ACP got $10 million from the Open Society Institute (OSI) in 2008, according to the nonprofit's tax filings. OSI handed over another $5 million to ACP in 2009, according to tax filings. The investigative reporting group ProPublica keeps a database that has OSI tax returns from 2000 to 2013. TheDCNF could not find other years where OSI gave money to ACP. OSI is primarily a grant-making nonprofit that hands out millions of dollars every year to mostly left-wing causes. Now called the Open Society Foundations, Soros's nonprofit has handed out more than $13 billion over the last three decades. OSI didn't only plan to fund Gore's climate group to promote global warming policies in the U.S., OSI also planned on giving millions of dollars to spur the “youth climate movement.” “This budget item also allows for the renewal of U.S. Programs’ long-standing support of the Energy Action Coalition, which is the lead organizer of the youth climate movement in the U.S.” , the memo reads. “We are also including a placeholder for an additional $2 million, pending discussion about and development of OSI's global warming agenda,” the memo reads. “There is a memo from Nancy Youman in the strategic plans binder that recommends pathways forward for OSI on the climate issue – in the U.S., as well as in other parts of the Open Society Network.” Related:",real,real,0.04038018,real,0.00015580654,real,0.17262602,fake,0.98089135,fake,0.6638188046688894,fake,0.5344591,0,0,0,1,1,1,3,correct,correct,correct,real→fake,real→fake,real→fake,400,14,False
51466,Adelson boosts Trump with $25 million to defeat Clinton,"Adelson boosts Trump with $25 million to defeat Clinton 
American-Jewish billionaire Sheldon Adelson has reportedly given $25 million to a super PAC dedicated to defeating Hillary Clinton’s presidential campaign. 
Just a couple of weeks ago Adelson was frustrated with Donald Trump’s “lack of focus” and misdirected attacks at fellow Republicans, including House Speaker Paul Ryan. However, Fox News reported Monday that the casino magnate had added $25 million to the millions he’d already donated to Trump’s campaign. The report also indicated he may give more by the end of the week. 
His change of heart reportedly came in the wake of FBI Director James Comey’s announcement Friday that the bureau had discovered hundreds of thousands of emails that may be relevant to the bureau’s ongoing investigation into Clinton’s possible misuse of emails, and timing may indicate that Adelson now believes the GOP candidate has a real shot at winning the election. 
The donation, described to Fox News as a “massive” amount of money to be spent in the final week of the campaign, was given to Future 45, a pro-Trump super PAC. Future 45’s latest ad argues that the Democratic nominee cannot be trusted with the presidency as the Clinton Foundation has received millions of dollars from regimes around the world that persecute women and minorities. 
A source told Fox News that Adelson is considering contributing up to $25 million more as the White House race enters its final few days. 
In May, Adelson bucked a substantial number of Republican Jews who opposed Trump — even though by that time it was clear he would be the party’s presidential nominee — endorsing the pugnacious real estate magnate and reality TV star and appealing to other top Republican Jewish donors to follow suit. 
The New York Times reported at the time that Adelson was prepared to spend up to $100 million to elect Trump, a greater sum than he has invested in previous elections. 
In the following months, however, Adelson seemed to sour on Trump, instead focusing on congressional races amid fears of the Republicans losing control of Congress due to Trump’s weak polling numbers and numerous controversial statements. He gave at least $40 million to super PACs focused solely on the fight for Congress, and the $10 million he initially dedicated to a pro-Trump super PAC was spent only on advertising in states with competitive Senate races. 
Trump’s campaign has been plagued by charges of anti-Semitism, racism and sexism, and the nominee has been accused of running a divisive, hate-driven campaign. 
Adelson is a prominent donor to Jewish causes and a staunch supporter of Prime Minister Benjamin Netanyahu. Related Posts: No Related Posts The views expressed herein are the views of the author exclusively and not necessarily the views of VT, VT authors, affiliates, advertisers, sponsors, partners, technicians, or the Veterans Today Network and its assigns. LEGAL NOTICE - COMMENT POLICY Posted by Ian Greenhalgh on November 1, 2016, With 955 Reads Filed under Election 2016 , Politics . You can follow any responses to this entry through the RSS 2.0 . Both comments and pings are currently closed.",real,real,0.02817905,fake,0.99745196,fake,0.94304425,fake,0.958971,real,0.0028902291040489,fake,0.5545923,0,1,1,1,0,1,4,correct,real→fake,real→fake,real→fake,correct,real→fake,400,9,True
57181,NRA Admits It Deceived Public – Says President Obama Never Could Have Confiscated Guns (VIDEO),"Proud Shares 
The NRA’s magazine acknowledged that President Obama “really hasn’t had the opportunity to” confiscate firearms, undercutting years of fearmongering about the supposed existence of a “ massive Obama conspiracy ” to dismantle the Second Amendment and take guns away. 
The NRA’s admission that a president can’t confiscate guns because “Congress writes the laws, not the president” also demonstrates the implausibility of repeated recent claims from the NRA that link Hillary Clinton to gun confiscation. 
The admission was included in a June 9 article for NRA magazine America’s 1st Freedom which took issue with how Obama “rudely” responded to a question from a gun store owner at a recent town hall event. 
The article quoted Obama as telling the questioner, “I’m about to leave office. There have been more guns sold since I’ve been president than just about any time in U.S. history. There are enough guns for every man, woman and child in this country. And at no point have I ever proposed confiscating guns from responsible gun owners. So it is just not true.” 
Responding to Obama’s statement, the article acknowledged, “Now, [the gun store owner]could have interrupted the president to mention that Obama really hasn’t had the opportunity to do that. Congress writes the laws, not the president”: 
Rhude didn’t sit down after asking his question. Rather, he stood silently as President Obama didn’t even try to answer his question, but instead went off on a defensive tirade: “First of all, the notion that I or Hillary or Democrats or whoever you want to choose are hell-bent on taking away folks’ guns is just not true. And I don’t care how many times the NRA says it.” 
Obama then said, “I’m about to leave office. There have been more guns sold since I’ve been president than just about any time in U.S. history. There are enough guns for every man, woman and child in this country. And at no point have I ever proposed confiscating guns from responsible gun owners. So it is just not true.” 
Now, Rhude could have interrupted the president to mention that Obama really hasn’t had the opportunity to do that. Congress writes the laws, not the president. He could then have listed the many attacks on the right to bear arms — from Operation Fast and Furious to Operation Choke Point to Obama’s attempted ban on common ammunition for AR-15-type rifles to his using a “pen and phone” to push anti-gun executive actions. But Rhude respectfully stayed silent. 
Claims about gun confiscation and Obama have been the NRA’s bread and butter for the past eight years . More recently, the NRA has suggested that the election of Clinton could lead to gun confiscation for law-abiding Americans. 
Read in full on Media Matters for America: NRA Admits It: “Obama Really Hasn’t Had The Opportunity To” Confiscate Guns 
",real,real,0.00012469292,fake,0.9993902,fake,0.975575,fake,0.9977346,real,1.864108735144975e-21,fake,0.5256325,0,1,1,1,0,1,4,correct,real→fake,real→fake,real→fake,correct,real→fake,400,15,True
57201,Gallup: Assault Weapons Ban Support at Lowest Level Ever Recorded,"Email 
Poll results released on Wednesday by Gallup confirm the trend toward the acceptance of the freedom to own guns and support of the Second Amendment. Sixteen years ago 59 percent of those polled favored “a law which would make it illegal to manufacture, sell or possess semi-automatic guns known as assault rifles,” while just 39 percent were opposed. Today those numbers have flipped: Just 36 percent support a ban, while 61 percent of those polled oppose it. 
Even those polled who don’t have a gun in their home oppose such a ban. Most surprisingly, however, is that support for such a ban has dropped even among those most likely to support one: Democrats. In the year 2000, 63 percent of Democrats supported such a ban, while today just 50 percent do. Wrote Art Swift for Gallup: “It is striking — and unusual — that fewer Democrats than ever support an assault weapons ban, since the Democratic Party has been instrumental in pushing for stricter gun laws.” 
Perhaps comforting to those watching how Independents might vote in the upcoming presidential election, Gallup reported that just 31 percent of them support such a ban (the same as Democrats), while in 2000, 63 percent did. 
Swift called the results a “paradox”: Perhaps paradoxically, opposition toward a ban has increased against a backdrop of multiple mass shootings and terrorist attacks in which the perpetrators used assault rifles. These guns were used in high-profile incidents, including the terrorist attacks in San Bernardino, California, and Orlando, and the mass shootings in Aurora, Colorado, and Newtown, Connecticut. 
Gallup could help its cause by defining more carefully the distinct difference between “assault rifles” and “assault weapons.” Assault rifles have been heavily regulated for decades, being defined as rifles used by the military that are “select” fire: able to fire multiple rounds with a single press of the finger on the trigger. “Assault weapons” were never defined until the Brady Bill was passed into law in 1994. Then they were defined as rifles that were “semi-automatic,” firing but a single round with a single press of the trigger. The bill also declared such a weapon as banned if it had any two of five cosmetic features that had nothing to do with its lethality: a collapsible stock, a pistol grip, a bayonet mount, a flash suppressor, or a grenade launcher (which is useless without grenades). 
Commentators jumped on the Gallup report with all manner of explanations as to the cause of the continuing drop in support for a ban or, conversely, citizens’ increasing support for gun ownership. Sean Davis, the co-founder of The Federalist , declared, “Americans understand that terrorists want to murder us, and that our laws are no obstacle to their blood lust. They will use planes, or bombs, or trucks, or knives, or box cutters, or guns.… Strict gun control laws in cities like Chicago and Washington, D.C. have done nothing to prevent sky-high murder rates in those cities year after year.” 
It’s possible that the message offered for years by Pastor Chuck Baldwin, a presidential candidate for the Constitution Party in 2008, is gaining purchase as well. In a recent newsletter Baldwin pulled no punches: To take away the citizen’s right to bear a semi-automatic rifle is to, in effect, completely disarm him…. The only reason that would-be tyrants in the US government have been kept at bay is because of an American citizenry fully armed with semi-automatic rifles. 
That they are “fully armed” may be an understatement. The usual estimate of the number of firearms owned by American citizens has routinely been reported at 300 million, plus or minus. But that doesn’t square with the fact of increasing numbers of citizens purchasing firearms, setting records month-after-month for the last year and a half. WeaponsMan blog, written by a former Special Forces soldier and a stickler for details, investigated the publicly available data from government sources, including the ATF itself, and found the number to be vastly larger: upwards of 660 million. His analysis is available here . 
He concludes “that the US inventory of firearms is almost certainly between 412 and 660 million, not the lower numbers recently trumpeted by the media.” 
The irony remains that, thanks to the media’s propaganda blitz against the private ownership of firearms, awareness of what the true agenda is continues to grow. The harder gun-grabbers push, the harder it will be for them to accomplish their ultimate goal: complete confiscation of every firearm from every private citizen in the country. More than 200 years ago, Thomas Jefferson saw the threat, and gave perhaps the most reasonable explanation for today’s increasing support of the right of the people to buy, bear, keep and use firearms: The strongest reason for the people to retain the right to keep and bear arms is, as a last resort, to protect themselves against tyranny in government. 
An Ivy League graduate and former investment advisor, Bob is a regular contributor to The New American magazine and blogs frequently at LightFromTheRight.com, primarily on economics and politics. He can be reached at This email address is being protected from spambots. You need JavaScript enabled to view it. . 
Hillary's Anti-gun Stance Becomes Clearer Thanks to WikiLeaks  ",real,real,0.122094095,real,0.0001322031,real,0.3263356,fake,0.9996176,fake,0.8674385323682985,fake,0.53060675,0,0,0,1,1,1,3,correct,correct,correct,real→fake,real→fake,real→fake,400,10,True
59776,Fooling Ourselves — Trump is Not the New Messiah (includes video),"According to John Kaminski, the New Boss is the same as the Old Boss. FORGET IT! “If that’s what you think,” Kaminski says, “you’re kidding yourself!” 
President-elect Donald Trump’s claim he is reinvestigating 9/11 is just so much meaningless hot air — more neocon crapola — if he intends to solve the greatest crime in American history by including two of the event’s participating perpetrators — Rudy Giuliani and Lewis Eisenberg — on his team of detectives. 
What kind of truth can we expect from this kind of sandbagged scrutiny? None at all. Once again our government is investigating itself with predictable results. It will do no better than the first time — which was a total whitewash, because it is the very system itself that all these political functionaries are trying to defend which bears responsibility for this event and its impact on history. 
Hiring the people who played minor supporting roles in the 9/11 bloodbath to identify its architects and actors may yield a few sacrificial scapegoats like Cheney and some generals, but the top of the line power structure will remain solidly in place, hidden from view and utterly in control of world events. 
That Trump has surrounded himself with the tainted players who have carried out all these wars for Israel augurs for a dark future in which the militarization of America will further shrink individual rights, and the harsh crackdown on legitimate dissent — which will soon be banned — plainly signals the end of free speech as we have known it in the United States. 
Recall Thomas Jefferson’s dictum: “Freedom of the press cannot be limited without being lost.” Today, it is long gone. The press prints only what the government allows it to print. 
For Trump to hire such rancid refugees from the Bush administration means that he won’t be investigating 9/11. Instead he will be crafting a new more realistic coverup that lambastes Saudi renegades and totally omits the overwhelming presence of Israeli Jews in all aspects of the tragedy — the same presence that now dominates the U.S. government and its criminal activities throughout the world. 
Preemptive war is criminal activity, in case you didn’t know. The U.S. is practicing it everywhere under the cynical guise of fighting terror, which it itself creates by hiring thugs from around the world to fit into the proper terror slots and become believable enemies for the press to vilify and our military to bomb. 
The U.S. has literally slaughtered millions of people around the world at the behest of a small group of mostly Jewish men (and the gentiles they have bought) who control not only virtually all the money of the people in the world, but also control their thoughts as a result. 
Mayor Giuliani ran the command post in Building 7. You remember Building 7, that building that was knocked down by not being hit by an airplane. Giuliani knows everything that happened, and who did what. 
Eisenberg, one of the world’s foremost financiers, was the head of the New York Port Authority who leased the Twin Towers to Silverstein. Silverstein, who spoke frequently with top Israeli leaders, wound up with $4.55 billion. 
The question with regard to Trump’s integrity kind of splits down the middle since he seems to have a genuine desire to succeed and restore the peace, but he is indebted to forces far larger than himself, which he is now trying to placate by surrounding himself with the traditional pseudo Republican goons like Gingrich and Romney. 
If only they were genuine Republicans it wouldn’t be so bad, but they’re poseurs, all ultimately working for the Rockefellers and the Rothschilds. 
Business as usual in the Jewish American empire, gnawing on the fatted calf while   bleeds. 
Trump’s choices reveal a desire to continue the swashbuckling sadism of the Bush Administration. Throughout his campaign I always shuddered when Trump would proclaim that we needed a stronger military, and I thought, tell that to the people beneath the bombs because they want no part of any of this. 
As a newspaper blows trivial events into earthshaking issues, so politicians identify all manner of enemies that demonstrate the desperate need for them to be elected. 
Like the Boston Marathon bombing that turned a mercenary drill into a region wide suspension of freedom of movement, the worst story possible is presented even as inconvenient facts are left behind. 
Think about the atrocities and false flag shockers that have been foisted on us since 9/11. Statistics reveal that more than 90 of significant terror incidents began life as FBI sting operations manipulating low IQ bigmouths into capital crimes. 
Why is it the cops can commit crimes against the people but the people can’t commit crimes against the cops? This is not the kind of freedom we thought we’d get while growing up. 
Trump certainly is not addressing any of these issues, and a Trump administration will merely continue the clumsy depredations and smokescreen lies that have exemplified the utterly corrupt and criminal nature of the United States as it is run by Jews bankers holed up in the City of London, and wreaking havoc throughout the world by their control of everyone’s money. 
What is really needed is a full accounting of what the Jews have done to the United States, and restitution to United States citizens over moneys illegally stolen by the Federal Reserve Corporation to be taken from its stockholders immediately. 
Of course this is impossible because the Jews own the government and all the corrupt minions within it. One word from them and you’re out of a job. 
The avaricious Jews are really only a reflection of the darker side of humanity. Like good sociopaths, they learned everything they know by mimicking others, and have become better than everyone else at what they do simply by practice and cooperation. 
They have never once considered that the fate of the world ultimately depends on treating everyone in the world as members of your own family, even as that becomes impossible on a continent overrun by hungry savages who were put there by these very same sadists who control the United States and its fearsome war machine. 
A war machine that is now being used against its own people — through media, medicine and food — as the people who control everything consolidate their hold on a population rapidly being shaped into the cattle our Hebrew herders have always called us. DISCLAIMER. All articles, comments, and videos published on this website reflect the views of their original authors and in no way necessarily mirror the outlook of anyone associated with this website. VIDEO : 8:46 mins",real,real,0.0060298443,fake,0.98208994,real,0.46968424,fake,0.9861636,real,7.336686671818103e-24,fake,0.55206835,0,1,0,1,0,1,3,correct,real→fake,correct,real→fake,correct,real→fake,400,11,True
61785,"If they don’t want to break up families, why do the encourage “unaccompanied minors?”","175 Views Share: Commentary — Seriously, you always hear that we mustn’t deport people because it could break up families. Yet we are encouraging teenagers to run away from their families and try their luck on America’s streets! Latino Invasion Set for New Record 
The New Observer March 2, 2016 
More than 17,000 “unaccompanied alien minors” had invaded the US over the Mexican border in the past few months, and the number of “family units” has increased to 21,000, the US House Judiciary Subcommittee on Immigration and Border Security has been informed. 
The House was also told that if the present trends continue, there will be a 30 percent increase on the record number of 260,000 invaders who entered the US in 2014. 


“In the past few months the number of unaccompanied alien minors unlawfully entering the US soared to over 17,000 and the number of family units increased to 21,000,” Chair Rep. Trey Gowdy (R-SC) informed the US House Judiciary Subcommittee on Immigration and Border Security in a February 4 hearing on Capitol Hill. 
“If these trends continue it is predicted there will be a 30 percent increase in the record high numbers we witnessed in 2014.” 
The widespread criminal violence endemic in the nonwhite Third World countries to the south continues to be a major factor in the ongoing invasion, Omar Zamora, public affairs officer for the US Border Patrol Rio Grande Valley (RGV) Sector told the local KVUE TV station. 
“We’ve got gangs over there that are controlling the neighborhoods, controlling the cities,” Zamora said. 
Agents of the RRGV Sector, he said, “man the front lines of the battle against drug trafficking and human smuggling.” 
The US government has mounted an ad campaign along the Guatemala–Honduras border warning would-be invaders what to expect from human traffickers. 
According to Zamora, the human traffickers engage in everything from child molestation and rape to extortion and fraud. READ Cologne Police Officer Confirms: It was “Refugees” 
“I think the biggest misconceptions are, ‘Hey they’re just children down there, right? It’s a humanitarian crisis,’” said Zamora, “But what I want to stress is there’s the 50 percent of the other individuals that are running, that are fighting, that have criminal records.” 
Rep. Lamar Smith (R-TX), who chairs the House Border Security Caucus, told KVUE that “If people figure they have a 95 percent chance of being allowed to stay and work and get government benefits, they’re going to come no matter what they might hear on the street or on the radio or see in a leaflet.” 
In a February 23 hearing of the Senate Judiciary Committee, Sen. John Cornyn (R-TX) asked agency Acting Chief Ronald Vitiello whether giving undocumented immigrants the impression they won’t be allowed to stay in the US without a legal claim would act as a deterrent and slow the flow of unauthorized crossings. 
“Yes, I believe that matters,” Vitiello answered.",real,fake,0.82613754,real,0.0004800558,real,0.43100786,fake,0.9970889,real,0.0365359344546069,real,0.40219516,1,0,0,1,0,0,2,real→fake,correct,correct,real→fake,correct,correct,400,14,True
64771,Queen Elizabeth II owns every dolphin in Britain and doesn't need a driving licence and doesn't pay tax — here are the incredible powers you didn't know the monarchy has,"Email 
Queen Elizabeth II is not like you and me. 
Did you know she is immune from prosecution? That she has her own personal poet, paid in Sherry wine? Or that she holds dominion over British swans and can fire the entire Australian government? 
It's true that her role as the British head of state is largely ceremonial, and the Monarch no longer holds any serious power from day to day. The historic ""prerogative powers"" of the Sovereign have been devolved largely to government ministers. But this still means that when the British government declares war, or regulates the civil service, or signs a treaty, it is doing so only on her authority. 
And she still wields some of these prerogative powers herself — as well as numerous other unique powers, ranging from the surprising to the utterly bizarre. 
Most famously, she owns all swans in the River Thames. 
Technically, all unmarked swans in open water belong to the Queen, though the Crown ""exercises her ownership"" only ""on certain stretches of the Thames and its surrounding tributaries,"" according to the official website of the Royal Family. 
Today this tradition is observed during the annual ""Swan Upping,"" in which swans in the River Thames are caught, ringed, and set free again as part of census of the swan population. 
It's a highly ceremonial affair, taking place over five days. ""Swan uppers"" wear traditional uniforms and row upriver in six skiffs accompanied by the Queen's Swan Marker. 
""The swans are also given a health check and ringed with individual identification numbers by The Queen's Swan Warden, a Professor of Ornithology at the University of Oxford's Department of Zoology,"" according to the Royal Family website. 
""Rule, Britannia, Britannia rules the waves,"" goes a classic British song — and this rule extends beneath the waves, too. The sovereign has dominion over a variety of aquatic animals in British waters. 
The Queen still technically owns all the sturgeons, whales, and dolphins in the waters around England and Wales, in a rule that dates back to a statute from 1324, during the reign of King Edward II, according to Time. 
According to the article: ""This statute is still valid today, and sturgeons, porpoises, whales, and dolphins are recognised as 'fishes royal': when they are captured within 3 miles (about 5 km) of UK shores or wash ashore, they may be claimed on behalf of the Crown. Generally, when brought into port, a sturgeon is sold in the usual way, and the purchaser, as a gesture of loyalty, requests the honour of its being accepted by Elizabeth."" 
The law is still observed: In 2004, a Welsh fisherman was investigated by the police after catching a 10-foot sturgeon, the BBC reported at the time. The Scottish government also issued guidance on the law in 2007, writing that ""the right to claim Royal Fish in Scotland allows the Scottish Government (on behalf of the Crown) to claim stranded whales which are too large to be drawn to land by a 'wain pulled by six oxen.'"" 
The Queen can drive without a licence. 
Driving licenses are issued in the Queen's name, yet she is the only person in the United Kingdom who doesn't legally need a license to drive or a number plate on her cars, according to Time. 
Despite not being required to have a license, the Queen is comfortable behind the wheel, having learned to drive during World War II when she operated a first-aid truck for the Women's Auxillary Territorial Service. (As a result of the Queen's training, she can also change a spark plug, Time notes). 
Queen Elizabeth II isn't afraid to show off her driving skills, either. In 1998, she surprised King Abdullah of Saudi Arabia (then still a prince) by driving him around in her country seat of Balmoral. 
Former British Ambassador Sherard Cowper-Coles recounted the meeting in the Sunday Times: ""As instructed, the crown prince climbed into the front seat of the front Land Rover, with his interpreter in the seat behind. To his surprise, the Queen climbed into the driving seat, turned the ignition and drove off. Women are not — yet — allowed to drive in Saudi Arabia, and Abdullah was not used to being driven by a woman, let alone a queen."" 
Cowper-Coles continued: ""His nervousness only increased as the Queen, an army driver in wartime, accelerated the Land Rover along the narrow Scottish estate roads, talking all the time. Through his interpreter, the crown prince implored the Queen to slow down and concentrate on the road ahead."" 
Unlike other members of the Royal family, the Queen does not require a passport, as they are issued in her name. Despite this lack of travel documents, she has been abroad many times. 
She has two birthdays. 
When you're the British head of state, one birthday just isn't enough. The Queen's official birthday is celebrated on a Saturday in June, though her actual birthday is on April 21. 
""Official celebrations to mark a sovereign's birthday have often been held on a day other than the actual birthday, particularly when the actual birthday has not been in the summer,"" according to the Royal Mint. 
Both birthdays are celebrated in suitable style, too. Her actual birthday ""is marked publicly by gun salutes in central London at midday,"" according to the official website of the British Monarchy. This includes ""a 41-gun salute in Hyde Park, a 21-gun salute in Windsor Great Park, and a 62-gun salute at the Tower of London. In 2006, Her Majesty celebrated her 80th Birthday in 2006 with a walkabout in the streets outside of Windsor Castle to meet well-wishers."" 
For her ""official"" birthday celebrations, meanwhile, she ""is joined by other members of the Royal Family at the spectacular Trooping the Colour parade, which moves between Buckingham Palace, The Mall, and Horseguards' Parade."" 
She has her own private cash machine. 
Less a ""power"" and more a perk of the job, a private cash machine for use by the royal family is installed in the basement of Buckingham Palace. It's provided by Coutts, one of Britain's most prestigious — and exclusive — banks. 
The Queen has her own personal poet. 
The poet laureate is an honorary position in British society appointed by the Monarch to a poet ""whose work is of national significance,"" according to the official website of the British Monarchy. When first the role was introduced, the appointee was paid £200 per year plus a butt of canary wine. Today the poet laureate is given a barrel of Sherry. 
Carol Ann Duffy will hold the position until 2019. 
She has to sign laws. 
The Queen's consent is necessary to turn any bill into an actual law. Once a proposed law has passed both houses of Parliament, it makes its way to the Palace for approval, which is called ""Royal Assent."" The most recent British Monarch to refuse to provide Royal Assent was Queen Anne, back in 1708. 
Royal Assent is different than ""Queen's consent,"" in which the Queen must consent to any law being debated in Parliament that affects the Monarchy's interests (such as reforming the prerogative or tax laws that might affect the Duchy of Cornwall, for example). Without consent, the bill cannot be debated in Parliament. 
Queen's consent is exercised only on the advice of ministers, but its existence provides the government with a tool for blocking debate on certain subjects if bills are tabled by backbench rebels or the opposition. 
It has been exercised at least 39 times, according to documents released under the Freedom of Information act, including ""one instance [in which] the Queen completely vetoed the Military Actions Against Iraq Bill in 1999, a private member's bill that sought to transfer the power to authorise military strikes against Iraq from the monarch to parliament,"" The Guardian reported in 2013. 
She can create Lords. 
The Queen has the power to appoint Lords, who can then sit in Parliament, the upper house in Britain's legislative system. Like many other powers, this is exercised only ""on the advice of"" elected government ministers. 
She doesn't have to pay tax (but she does anyway). 
The Queen does not have to pay tax, but she has been voluntarily paying income tax and capital gains tax since 1992. 
The Queen has the power to form governments. 
Unlike the Queen, Prime Minister David Cameron doesn't literally sit on a throne. Rob Stothard/Getty Images/HBO/BI 
The Queen previously wielded the power to dissolve Parliament and call a general election, but the Fixed-Term Parliaments Act put an end to that in 2011. Now a two-thirds vote in the commons is required to dissolve Parliament before a five-year fixed-term is up. 
She does still play a part after an election, however, when she calls on the MP most able to form a government to do so. 
This caused some worry ahead of this year's General Election. It once looked as if the Conservatives might not have a majority (but would be the largest party) and would try to form a government. Meanwhile, it was feasible that Labour could form a majority, despite having fewer seats, by entering into a coalition with multiple other parties. 
In this situation, the Queen would have been stuck between a rock and a hard place. Every year, she opens Parliament with the Queen's speech, which lays out the government's plans. But to give David Cameron's speech would arguably be to tacitly endorse his government — while staying away would send the opposite message. 
At one point, The Times was told by sources that she planned to ""stay away"" if Cameron failed to secure enough MPs, but the Palace later had an about-face. ""Royal sources confirmed she would lead proceedings, even if there was a risk the speech would be overthrown the following week because the Tories had failed to muster enough backing from smaller parties,"" The Times subsequently reported. 
She has knights.​ 
Sure, they no longer ride around on horseback wooing maidens with their tales of valour, but Britain still retains knights. Like Lords, they are appointed by the Queen — and she knights them personally. 
Knighthoods are typically given to figures who have made a particular contribution to British society — whether in business, the arts, the military, or elsewhere. After Terry Pratchett was knighted, the legendary fantasy author forged himself a special sword using pieces of a meteorite. 
The individuals knighted are decided by ministers, the BBC reports, ""who present her with a list of nominees each year for her approval."" 
She is exempt from Freedom Of Information requests. 
All information about the royal family is exempt from Freedom of Information requests. The exemption was made after a legal battle between The Guardian and the government to have letters from Prince Charles sent to Whitehall ministers made public. The so-called black spider memos were recently released, but the change means the same can't happen in the future. 
She can ignore or overrule ministerial advice in ""grave constitutional crisis."" 
While the overwhelming majority of the Queen's prerogative powers are devolved to her ministers, there is one exception that allows her to wield power herself. Only ""in grave constitutional crisis,"" the Sovereign can ""act contrary to or without Ministerial advice."" With no precedent in modern times, it's not clear what would actually constitute this, but the possibility remains. 
The Queen holds the ability to fire the entire Australian government. 
As the head of state in Australia, the Queen has certain powers over the government. In 1975, for example, the Queen's representative in the country at the time, Gov. Gen. Sir John Kerr, fired the prime minister in response to a government shutdown. 
""[Kerr] appointed a replacement, who immediately passed the spending bill to fund the government, Max Fisher wrote in The Washington Post. ""Three hours later, Kerr dismissed the rest of Parliament. Then Australia held elections to restart from scratch. And they haven't had another shutdown since."" 
In addition to the UK and Australia, the Queen is also the head of state in Antigua and Barbuda, the Bahamas, Barbados, Belize, Canada, Grenada, Jamaica, New Zealand, Papua New Guinea, Saint Kitts and Nevis, Saint Lucia, Saint Vincent and the Grenadines, Solomon Islands, and Tuvalu. 
All the above are Commonwealth Realms, or former British colonies. The British sovereign retains the position she holds in the United Kingdom, that of head of state. As in Britain, this is largely a ceremonial role from day to day. 
She's the head of a religion. 
Queen Elizabeth II is the head of the Church of England, Britain's state religion first established after King Henry VIII split away from the Catholic Church in Rome in the 16th century. 
Her formal title is defender of the faith and supreme governor of the Church of England, and she also has the power to appoint Bishops and Archbishops. As with many of her other powers, however, this is exercised only on the advice of the prime minister, who himself takes advice from a Church Commission. 
An interesting side effect of this is that the Sovereign must be a confirmed member of Church of England. Catholics and those of other religions may not ascend to the British throne. If Prince Charles converted to Islam, for example, he would be unable to become king after Queen Elizabeth II dies. 
She gets to give away special money to the elderly. 
Maundy money is a special kind of silver coin the Queen gives away to pensioners every year at a UK cathedral every Easter in a special ceremony. The number of recipients corresponds with the Sovereign's age. This year, for example, she will be 89 when Easter rolls around, so she will give maundy money away to 89 pensioners. 
The coins are technically legal tender, despite coming in unconventional 3-pence and 4-pence denominations. But given the coins' rare status, they tend not to enter general circulation. 
She's also immune from prosecution. 
All prosecutions are carried out in the name of the Sovereign, and she is both immune from prosecution and cannot be compelled to give evidence in court. 
In theory, the Sovereign ""is incapable of thinking or doing wrong,"" legal scholar John Kirkhope told Business Insider. However, barrister Baroness Helena Kennedy QC told the BBC in 2002 that ""nowadays, that immunity is questionable."" 
""Although civil and criminal proceedings cannot be taken against the Sovereign as a person under UK law, the Queen is careful to ensure that all her activities in her personal capacity are carried out in strict accordance with the law,"" according to official site of the Monarchy. 
If the monarch did commit a grievance offence, he or she would almost certainly be forced to abdicate. There is at least one precedent of the Courts' prosecuting the Sovereign. In the 17th Century, King Charles I was tried for treason following the English Civil War. He said ""no earthly power can justly call me (who am your King) in question as a delinquent."" The Court disagreed and had him executed. 
The Queen has the right to be consulted, to encourage, and to warn her ministers. 
Assuming no ""grave constitutional crisis,"" the Queen's input into the legislative process is supposed to be limited in real terms to the right ""to be consulted, to encourage, and to warn"" her ministers — advice delivered via meetings with the prime minister. 
The Queen also has certain historic rights and privileges. John Kirkhope, a lawyer who successfully campaigned to have details of ""Queen's consent"" made public, provided Business Insider with a list of some of the stranger rights the Queen still holds. 
Hungerford has to present a red rose to the Sovereign in exchange for its fishing and grazing rights.The Duke of Atholl must pay by way of a rose whenever the Sovereign calls. This most recently happened during the reign of Queen Victoria, so it's unclear whether the rose has to be any particular colour.If the Sovereign passes near Kidwelly Castle in Wales, the tenant has to provide a bodyguard in full armour. This is complicated slightly by the fact the castle is a ruin.The Marquis of Ailesbury owns Savernake Forest and is required to produce a blast on a hunting horn should the Sovereign pass through the Forest. This last happened in 1943.Similarly, the owner of Dunlambert Castle in Northern Ireland has to produce a blast on an ancient bugle.And lastly, many landowners must also pay a ""quit-rent"" — a kind of tax on their property paid to the Monarch. Some are pretty unusual. 
The owner of Sauchlemuir Castle must set out three glasses of port on New Year's Eve for the grandmother of James IV of Scotland. (For reference, James IV served from 1474 to 1513.)The owner of Fowlis must deliver — when required — a snowball in mid-summer.The City of Gloucester pays for its holdings of Crown Lands by providing an enormous eel pie.Great Yarmouth must provide a hundred herrings baked in 24 pasties to the Sheriff, who then sends them to the Lord of the Manor — who then sends them to the Sovereign.The Duke of Marlborough has to present a small satin flag with a Fleur de Lys on August 13, the anniversary of the Battle of Blenheim.The Duke of Wellington has to present a French Tricolour flag before noon on June 19 — the anniversary of the Battle of Waterloo.",real,fake,0.90803385,fake,0.99903196,fake,0.9610541,fake,0.9960537,fake,1.0,fake,0.5633322,1,1,1,1,1,1,6,real→fake,real→fake,real→fake,real→fake,real→fake,real→fake,400,30,True
